Predictor variable,Categorical,Sample average
CHL_summer_2019,false,0.7026948471638289
CHL_winter_2019,false,0.6701346083798192
SST_summer_2019,false,25.546056053855203
SST_winter_2019,false,17.65882431377064
bathymetry,false,-36.79432123357599
bottomT_summer_2019,false,19.919290282509543
bottomT_winter_2019,false,17.725215044888582
dox_summer_2019,false,241.68335515802556
dox_winter_2019,false,232.06713451038706
grainsize,false,3.0897460904988376
nitrate_summer_2019,false,1.8935464593497189
nitrate_winter_2019,false,2.830449570309032
phospate_summer_2019,false,0.012240791629830544
phospate_winter_2019,false,0.019670282829214226
sal_summer_2019,false,38.2023341438987
sal_winter_2019,false,38.0801795612682
