Predictor variable,Categorical,Sample average
CHL_summer_2020,false,0.9311538782309402
CHL_winter_2020,false,1.0302699397910724
SST_summer_2020,false,25.38684116710316
SST_winter_2020,false,16.315029230984774
bathymetry,false,-28.72737659107555
bottomT_summer_2020,false,21.74732086875222
bottomT_winter_2020,false,16.810955914584074
dox_summer_2020,false,235.28812616521662
dox_winter_2020,false,235.28950361772016
grainsize,false,3.5849592902443628
nitrate_summer_2020,false,3.321661504832181
nitrate_winter_2020,false,3.8461028229106557
phospate_summer_2020,false,0.01571316843513738
phospate_winter_2020,false,0.02805637959814207
sal_summer_2020,false,38.258527582341976
sal_winter_2020,false,38.31504891135476
