"Station","Lat","Lon","year","species","BiomIndex","AbunIndex"
"1",45.3852666695913,12.4570416609446,2006,"ctc",123.300750732422,1996.87573242188
"2",45.5916666666667,13.1,2006,"ctc",27.7109527587891,394.510406494141
"3",45.6694083213806,13.5114750067393,2006,"ctc",203.716796875,2037.16796875
"4",45.099041668574,12.3779333432515,2006,"ctc",122.710975646973,933.413269042969
"5",45.1514500061671,12.5006083329519,2006,"ctc",163.872940063477,1768.52966308594
"6",45.2387749989827,12.849908320109,2006,"ctc",563.722961425781,3958.91064453125
"8",44.9046250025431,12.5314916769664,2006,"ctc",11.4558162689209,161.72917175293
"12",44.5926833152771,12.3550583362579,2006,"ctc",94.0554046630859,811.458374023438
"16",44.2881250063578,12.4586083253225,2006,"ctc",22.1528472900391,492.285491943359
"17",44.3132583300273,12.5694499969482,2006,"ctc",76.9562759399414,1433.49926757812
"21",44.1454249978066,12.7564166704814,2006,"ctc",40.0252990722656,904.786499023438
"24",43.9309333483378,12.9942250152429,2006,"ctc",19.5007591247559,188.283187866211
"25",43.9767666816711,13.0652999997139,2006,"ctc",24.8575534820557,330.617706298828
"27",43.7465166727702,13.199933330218,2006,"ctc",0,0
"31",43.5838833491007,13.5957166671753,2006,"ctc",0,0
"33",43.3990749994914,13.7054583231608,2006,"ctc",0,0
"34",43.3775333404541,13.8621166547139,2006,"ctc",7.64012765884399,75.148796081543
"37",43.1511666695277,13.8761333147685,2006,"ctc",11.0764236450195,102.559471130371
"43",45.3756499926249,12.4006749947866,2006,"ctc",208.337707519531,1815.44287109375
"44",45.4721083323161,12.7295083363851,2006,"ctc",120.180442810059,681.0224609375
"45",45.6830499966939,13.6189916610718,2006,"ctc",36.4444465637207,662.626342773438
"46",44.9142250061035,12.6419750213623,2006,"ctc",23.8357009887695,326.172760009766
"47",44.5900166829427,12.4018249988556,2006,"ctc",157.335098266602,2428.43310546875
"48",44.0612916688124,12.6098916689555,2006,"ctc",6.89484024047852,41.3690414428711
"49",43.5824333508809,13.763975016276,2006,"ctc",10.9792232513428,209.715515136719
"50",43.0609916687012,14.0137666662534,2006,"ctc",2.46468377113342,21.125862121582
"51",45.3222083409627,13.14899999698,2006,"ctc",302.228424072266,2966.57373046875
"55",45.3154666741689,12.4999499956767,2006,"ctc",257.323211669922,3762.69213867188
"56",45.310583337148,12.9066083272298,2006,"ctc",395.311737060547,3093.74389648438
"57",45.0640333334605,12.7574666659037,2006,"ctc",175.239761352539,1065.37805175781
"63",44.2298666636149,12.5821166674296,2006,"ctc",49.9838600158691,980.815307617188
"64",44.1827333291372,12.5101833343506,2006,"ctc",1.7695004940033,112.60457611084
"65",44.0757416685422,12.7505166371663,2006,"ctc",85.0039291381836,1772.44104003906
"66",43.5968249956767,13.6781000137329,2006,"ctc",8.90689849853516,117.19603729248
"9",44.9945166755468,12.9811750064294,2006,"ctc",166.460083007812,1151.45324707031
"10",45.0885416666667,13.2722666581472,2006,"ctc",502.578704833984,4613.60009765625
"13",44.6105166435242,12.7479166666667,2006,"ctc",45.1800689697266,593.146118164062
"14",44.7562249819438,13.1173916657766,2006,"ctc",284.405517578125,3680.9072265625
"18",44.374866660436,12.9117916742961,2006,"ctc",122.258338928223,1016.39947509766
"19",44.5053583304087,13.1743250052134,2006,"ctc",78.5704956054688,437.515502929688
"28",43.8291333516439,13.3683333237966,2006,"ctc",13.1243658065796,157.492385864258
"29",43.7535499890645,13.5609916687012,2006,"ctc",74.8373718261719,782.448120117188
"53",44.5837250073751,13.5516999880473,2006,"ctc",147.655426025391,1603.69396972656
"54",44.2226583321889,12.9817666689555,2006,"ctc",101.71826171875,1110.57153320312
"58",45.0046083350976,13.3077083428701,2006,"ctc",284.419830322266,3582.8935546875
"59",44.7042500178019,12.7782666842143,2006,"ctc",158.80192565918,2780.50537109375
"60",44.6821416536967,13.4812916596731,2006,"ctc",156.25553894043,1640.68322753906
"61",44.4544666608175,12.6115500132243,2006,"ctc",74.6206970214844,1227.47412109375
"62",44.4621916611989,12.7097499847412,2006,"ctc",129.99072265625,1437.27502441406
"67",43.352933327357,13.9810750007629,2006,"ctc",88.0640258789062,560.917297363281
"22",44.4276583353678,13.6510666529338,2006,"ctc",36.9969902038574,208.853973388672
"26",44.0608500003815,13.3010583400726,2006,"ctc",90.2483139038086,484.804992675781
"30",43.9544083277384,14.0346833348274,2006,"ctc",0,0
"35",43.4578999996185,14.2056833346685,2006,"ctc",0,0
"36",43.6435499827067,14.8422750155131,2006,"ctc",0,0
"38",43.3081500053406,14.5881750106812,2006,"ctc",0,0
"1",45.2894666671753,12.6132500012716,2007,"ctc",125.270202636719,633.662475585938
"2",45.6127499898275,13.1236583352089,2007,"ctc",0,0
"3",45.6678416570028,13.5183499972026,2007,"ctc",48.3090019226074,364.596252441406
"4",45.1175333380699,12.421816666921,2007,"ctc",7.60080814361572,24.1295509338379
"5",45.1653666655223,12.5055666605632,2007,"ctc",53.8726234436035,355.504608154297
"8",44.8405916849772,12.5393916765849,2007,"ctc",0,0
"12",44.594958337148,12.35109167099,2007,"ctc",0,0
"16",44.2759166638056,12.4663750012716,2007,"ctc",0,0
"17",44.2988583405813,12.5012166659037,2007,"ctc",0,0
"24",43.9425499916077,13.01638332208,2007,"ctc",0,0
"25",43.953450012207,13.1049750010173,2007,"ctc",0.607660472393036,12.153208732605
"27",43.7632833162943,13.2602166652679,2007,"ctc",0,0
"28",43.7838583310445,13.3845249970754,2007,"ctc",0,0
"33",43.3945250034332,13.7744249979655,2007,"ctc",0,0
"34",43.3815333366394,13.863858350118,2007,"ctc",0,0
"37",43.1200833320618,13.9230083465576,2007,"ctc",0,0
"44",45.4635416666667,12.6996416727702,2007,"ctc",47.1194267272949,189.319122314453
"46",44.9159666697184,12.6347999890645,2007,"ctc",0,0
"48",44.1104666670164,12.6214833259583,2007,"ctc",0,0
"49",43.5791250228882,13.7502499898275,2007,"ctc",0,0
"50",43.0633583347003,14.0112250000238,2007,"ctc",0,0
"55",45.3150083382924,12.4998250007629,2007,"ctc",103.683074951172,402.352233886719
"64",44.1967666625977,12.5435583114624,2007,"ctc",0,0
"65",44.0578500012557,12.7271999994914,2007,"ctc",0,0
"66",43.6246833165487,13.6555666605632,2007,"ctc",0,0
"68",42.8483416875203,14.0033666685224,2007,"ctc",0,0
"70",42.5875750223796,14.2235666672389,2007,"ctc",0,0
"71",42.2731750090917,14.5618000030518,2007,"ctc",0,0
"73",42.1098749995232,14.8474666595459,2007,"ctc",28.7166519165039,41.0237884521484
"74",41.9738083203634,15.0900999983152,2007,"ctc",0,0
"76",41.9951250076294,15.6875333468119,2007,"ctc",10.4056606292725,40.0217742919922
"6",45.2556583325068,12.8880249977112,2007,"ctc",417.631958007812,2226.849609375
"9",44.9896583214402,12.9335416475932,2007,"ctc",162.766189575195,1197.95910644531
"10",45.1062416672707,13.2508000055949,2007,"ctc",567.228820800781,3504.16137695312
"13",44.6116833368937,12.7551833152771,2007,"ctc",58.4836502075195,291.095092773438
"14",44.7378166516622,13.157333334287,2007,"ctc",252.634689331055,1350.28894042969
"18",44.3962749958038,12.8376583417257,2007,"ctc",111.802192687988,610.52392578125
"19",44.4960250059764,13.1815749963125,2007,"ctc",219.482925415039,1129.37817382812
"29",43.7199083328247,13.6097249984741,2007,"ctc",0,0
"51",45.3307500044505,13.1503166635831,2007,"ctc",202.901306152344,1611.5576171875
"53",44.5571833292643,13.55515832901,2007,"ctc",70.3086318969727,443.171966552734
"54",44.2387166659037,12.97624168396,2007,"ctc",199.133850097656,1358.66296386719
"56",45.3310666561127,12.8973916689555,2007,"ctc",219.621154785156,1484.98291015625
"57",45.0678000013034,12.7494500160217,2007,"ctc",89.6615219116211,439.064147949219
"58",45.0256333271662,13.2438583374023,2007,"ctc",591.43212890625,3033.89331054688
"59",44.7003249804179,12.7825416564941,2007,"ctc",59.8947334289551,369.214111328125
"60",44.6578000068665,13.5026916662852,2007,"ctc",274.563934326172,1827.65698242188
"61",44.460350004832,12.6263916651408,2007,"ctc",0,0
"62",44.4589833259583,12.7084666570028,2007,"ctc",34.1375160217285,105.852760314941
"67",43.3513083299001,13.9805833498637,2007,"ctc",14.0076198577881,40.0217742919922
"22",44.3963833332062,13.6537666638692,2007,"ctc",140.18537902832,1319.81140136719
"23",44.3346833388011,14.0576166669528,2007,"ctc",204.718597412109,1267.83837890625
"26",44.0420583337545,13.3294500033061,2007,"ctc",142.018737792969,845.9599609375
"30",44.0014916608731,14.0247583329678,2007,"ctc",37.1927146911621,120.329368591309
"32",44.0157999996096,14.4966333230337,2007,"ctc",218.135101318359,1017.53985595703
"35",43.4524833361308,14.2071166674296,2007,"ctc",17.4136562347412,133.951202392578
"36",43.6661666870117,14.8356333414714,2007,"ctc",0,0
"38",43.3770833333333,14.1436749974887,2007,"ctc",46.2388114929199,186.446807861328
"69",42.6723583221436,14.2558666626612,2007,"ctc",23.4414615631104,66.9756011962891
"72",42.2524833361308,15.007800005873,2007,"ctc",36.9986457824707,160.863677978516
"75",42.0388499995073,15.4661666711171,2007,"ctc",14.499942779541,76.3154907226562
"45",45.5572000185649,13.6840916633606,2007,"ctc",48.4036560058594,633.857421875
"1",45.4102583408356,12.5029083251953,2008,"ctc",5.93130254745483,54.9194679260254
"2",45.6195166905721,13.1359166701635,2008,"ctc",41.536865234375,289.253936767578
"3",45.6707166671753,13.5207666714986,2008,"ctc",62.0477256774902,884.290588378906
"4",45.0988749980927,12.3833833376567,2008,"ctc",23.0246124267578,289.253936767578
"5",45.1522500038147,12.5087416648865,2008,"ctc",169.146789550781,1835.65002441406
"8",44.8196750005086,12.4769000053406,2008,"ctc",0,0
"12",44.5927916526794,12.3458999951681,2008,"ctc",6.96083879470825,117.980316162109
"16",44.2728166659673,12.4652916590373,2008,"ctc",10.4131412506104,43.3880920410156
"17",44.2891166687012,12.4921166578929,2008,"ctc",10.1796245574951,57.8387756347656
"21",44.1478749990463,12.7626833279928,2008,"ctc",103.845970153809,2443.4345703125
"24",43.9430166562398,12.9903666774432,2008,"ctc",8.30887222290039,68.1055145263672
"25",43.973641649882,13.0670249998569,2008,"ctc",48.9272155761719,486.492218017578
"27",43.7642250061035,13.2519166707993,2008,"ctc",2.46778774261475,77.1183624267578
"28",43.7906999905904,13.3717666625977,2008,"ctc",15.6002044677734,192.25602722168
"31",43.5799000104268,13.6074666659037,2008,"ctc",4.25440454483032,27.9895038604736
"33",43.3337416648865,13.7421250025431,2008,"ctc",15.0405797958374,42.9730834960938
"34",43.336391655604,13.9042500178019,2008,"ctc",28.1014595031738,111.958015441895
"37",43.1292666713397,13.9056749979655,2008,"ctc",26.7666110992432,78.879997253418
"43",45.3773166656494,12.3872249921163,2008,"ctc",14.9491701126099,78.8874359130859
"44",45.4629583199819,12.7000416437785,2008,"ctc",96.1480026245117,665.284057617188
"46",44.9086833318075,12.6191916783651,2008,"ctc",4.62806272506714,115.701568603516
"47",44.5986916542053,12.4141666571299,2008,"ctc",69.7740249633789,1089.15551757812
"48",44.0666750013828,12.6044583320618,2008,"ctc",0,0
"49",43.5782833417257,13.76795835495,2008,"ctc",32.6152114868164,192.826431274414
"50",43.0568999985854,14.0130583330989,2008,"ctc",0,0
"55",45.3850333372752,12.457283337911,2008,"ctc",37.9537658691406,279.89501953125
"56",45.3306083202362,12.8899000167847,2008,"ctc",222.418197631836,1843.99389648438
"57",45.0793333331744,12.7260999997457,2008,"ctc",118.478416442871,1157.01574707031
"63",44.2081833362579,12.598966662089,2008,"ctc",16.3967323303223,192.902725219727
"64",44.2016333262126,12.5526083151499,2008,"ctc",6.21168756484985,182.696685791016
"65",44.0780749996503,12.7573249816895,2008,"ctc",23.8923740386963,462.806274414062
"66",43.597850004832,13.6844666481018,2008,"ctc",0,0
"68",42.8632583300273,13.9681583404541,2008,"ctc",0,0
"70",42.5830750147502,14.2309499979019,2008,"ctc",17.4673099517822,115.677551269531
"71",42.2575416644414,14.5866583506266,2008,"ctc",107.80101776123,262.289581298828
"73",42.0960583329201,14.8795333226522,2008,"ctc",119.473388671875,659.16357421875
"74",41.9964583312472,15.055291668574,2008,"ctc",83.1166763305664,299.196075439453
"76",41.9957416852315,15.6608583132426,2008,"ctc",95.444206237793,475.821563720703
"6",45.2558499972026,12.8754791577657,2008,"ctc",137.732406616211,1224.05151367188
"9",45.0069416552782,12.9285416603088,2008,"ctc",28.857177734375,279.89501953125
"10",45.0994583368301,13.2502499977748,2008,"ctc",244.708847045898,2576.16796875
"13",44.6081833203634,12.7393583297729,2008,"ctc",74.4585494995117,633.572509765625
"14",44.7399916648865,13.0856583317121,2008,"ctc",39.8444290161133,387.107574462891
"18",44.4007833321889,12.8424083391825,2008,"ctc",27.4158515930176,379.645812988281
"19",44.4583916664124,13.1616500059764,2008,"ctc",28.0929508209229,110.602165222168
"29",43.7370499928792,13.6079250017802,2008,"ctc",65.1618194580078,426.292266845703
"51",45.3328749974569,13.0686916649342,2008,"ctc",207.568618774414,2473.12109375
"53",44.5564999898275,13.5543416659037,2008,"ctc",192.562973022461,750.523803710938
"54",44.2399916648865,12.9658333142598,2008,"ctc",37.3137588500977,271.175567626953
"58",45.0017333398263,13.2430833339691,2008,"ctc",286.858001708984,2617.10986328125
"59",44.7023499806722,12.7680833498637,2008,"ctc",6.26205348968506,109.86058807373
"60",44.6746083259582,13.481366666158,2008,"ctc",166.339096069336,1084.70227050781
"61",44.4490499973297,12.6137833277384,2008,"ctc",40.451416015625,455.149536132812
"62",44.4557416598002,12.7358499844869,2008,"ctc",56.2678642272949,625.830627441406
"67",43.3419833342234,13.9814499855042,2008,"ctc",59.317756652832,236.639984130859
"22",44.4011666615804,13.6563333193461,2008,"ctc",56.3928070068359,231.355102539062
"23",44.3319749991099,14.0387749999762,2008,"ctc",52.0000915527344,171.240692138672
"26",44.0364166667064,13.3327500025431,2008,"ctc",6.19320487976074,57.0802307128906
"30",43.9674833297729,13.996433348457,2008,"ctc",4.23033905029297,27.1175575256348
"32",44.0266916657488,14.4876916567485,2008,"ctc",0,0
"35",43.4478416760763,14.207149998347,2008,"ctc",0,0
"36",43.668958346049,14.8347333272298,2008,"ctc",0,0
"38",43.3705833276113,14.1267999966939,2008,"ctc",0,0
"69",42.6491416613261,14.2537416696548,2008,"ctc",65.2863159179688,331.791290283203
"72",42.2627999941508,14.9947750026981,2008,"ctc",35.5782356262207,173.552352905273
"75",42.0392249981562,15.4532583236694,2008,"ctc",29.4014949798584,157.789764404297
"45",45.6899749755859,13.6556833585103,2008,"ctc",77.3657760620117,868.302795410156
"31",43.5797250111898,13.6060666720072,2009,"ctc",0,0
"33",43.407458337148,13.6979166666667,2009,"ctc",0,0
"34",43.3802750110626,13.8816583315531,2009,"ctc",0,0
"37",43.1226666688919,13.9253916740417,2009,"ctc",0,0
"43",45.3787666638692,12.3901333332062,2009,"ctc",166.849609375,615.356872558594
"44",45.4652583281199,12.7094583511353,2009,"ctc",35.1089248657227,141.454162597656
"46",44.9140166600545,12.6136749903361,2009,"ctc",0.819269239902496,32.7707710266113
"47",44.6018916765849,12.4754499912262,2009,"ctc",24.2801609039307,74.4790191650391
"48",44.0642916659514,12.6095666885376,2009,"ctc",0,0
"49",43.5801916758219,13.7699500083923,2009,"ctc",1.51213693618774,26.5287189483643
"50",43.0548833330472,14.0148333335916,2009,"ctc",3.52910375595093,61.9141006469727
"55",45.3826416651408,12.4541750113169,2009,"ctc",30.8147640228271,104.456825256348
"56",45.3317083358765,12.896933333079,2009,"ctc",110.357315063477,724.97509765625
"57",45.0736000001431,12.7243249893188,2009,"ctc",58.5731658935547,563.978210449219
"1",45.4130666732788,12.5309166590373,2009,"ctc",59.0006523132324,272.250885009766
"2",45.6188999811808,13.1379416664441,2009,"ctc",20.2939586639404,106.998023986816
"3",45.640625,13.4845916748047,2009,"ctc",209.115112304688,1678.83032226562
"4",45.1025666634242,12.383224995931,2009,"ctc",18.9784774780273,164.079055786133
"5",45.1447833299637,12.5167666594187,2009,"ctc",106.733444213867,903.953308105469
"8",44.8370083491007,12.4855083465576,2009,"ctc",0,0
"12",44.5935833295186,12.3433250109355,2009,"ctc",0,0
"16",44.2915750026703,12.4535249869029,2009,"ctc",0,0
"17",44.3066750049591,12.5619083404541,2009,"ctc",2.29805016517639,69.6378860473633
"21",44.14678333203,12.7647333463033,2009,"ctc",5.96324443817139,160.087097167969
"24",43.9217500050863,13.0194416701794,2009,"ctc",0,0
"25",43.9767499923706,13.0693083326022,2009,"ctc",0,0
"27",43.789324982961,13.1971333344777,2009,"ctc",0,0
"28",43.7763250033061,13.3915749867757,2009,"ctc",3.71912527084351,27.346508026123
"63",44.2129166682561,12.6082583427429,2009,"ctc",0,0
"64",44.1356500029564,12.5167749881744,2009,"ctc",0,0
"65",44.0760083337625,12.7526583353678,2009,"ctc",0,0
"66",43.5972500165304,13.6805833180745,2009,"ctc",0,0
"68",42.8590999921163,13.9983499988914,2009,"ctc",15.797553062439,29.9196071624756
"70",42.5873083432516,14.2246749957403,2009,"ctc",0,0
"71",42.2780250072479,14.5614583333333,2009,"ctc",0,0
"73",42.0996333360672,14.8846499760946,2009,"ctc",49.6155166625977,184.053314208984
"74",41.985850016276,15.0738499999046,2009,"ctc",36.0760154724121,133.023651123047
"76",41.9952666600545,15.6791500091553,2009,"ctc",41.3000411987305,135.587783813477
"51",45.3333166599274,13.0747333347797,2009,"ctc",105.86693572998,681.812866210938
"53",44.5548249880473,13.5528666814168,2009,"ctc",67.6773834228516,429.697692871094
"54",44.2330749988556,12.9691166559855,2009,"ctc",83.4167785644531,692.149047851562
"58",45.0321083339552,13.2436666647593,2009,"ctc",218.180755615234,1538.10900878906
"59",44.7013166427612,12.7810416857402,2009,"ctc",44.5748062133789,164.079055786133
"60",44.6761583328247,13.4819666703542,2009,"ctc",216.810745239258,1692.23132324219
"61",44.4585583209991,12.6735750198364,2009,"ctc",123.540893554688,537.13427734375
"6",45.2606749931971,12.8948583285014,2009,"ctc",70.9200134277344,439.586853027344
"9",45.011025005579,12.9231916427612,2009,"ctc",30.4905471801758,246.554290771484
"10",45.1049750010173,13.2498250007629,2009,"ctc",154.699203491211,1285.28588867188
"13",44.620108350118,12.76155834198,2009,"ctc",21.9412574768066,188.684020996094
"14",44.7481833457947,13.084525001049,2009,"ctc",86.2154846191406,507.325469970703
"18",44.3890333334605,12.8395333607992,2009,"ctc",130.149261474609,964.068542480469
"19",44.4582750002543,13.1595333337784,2009,"ctc",26.6884460449219,255.217376708984
"29",43.7121916770935,13.6212083498637,2009,"ctc",26.8169059753418,242.078384399414
"62",44.4517916679382,12.7359916687012,2009,"ctc",33.6428375244141,154.750854492188
"67",42.8453250090281,13.9823166529338,2009,"ctc",22.548885345459,247.186325073242
"32",43.6686666488647,13.7703916867574,2009,"ctc",27.1173114776611,157.658782958984
"35",43.4389249960581,14.2024833281835,2009,"ctc",18.6552410125732,75.1217727661133
"36",43.741658337911,13.6945999781291,2009,"ctc",27.9679679870605,141.014953613281
"38",43.3765750090281,14.1412250041962,2009,"ctc",15.9871273040771,85.3405380249023
"22",44.3983083248138,13.6758416811625,2009,"ctc",87.4192276000977,320.384613037109
"23",44.3435249964396,14.0283916662137,2009,"ctc",38.9488639831543,201.45964050293
"26",44.0450083335241,13.3269666671753,2009,"ctc",12.1999044418335,77.7063980102539
"30",43.944133345286,14.0260916809241,2009,"ctc",0,0
"69",42.6558416684469,14.2553333282471,2009,"ctc",100.966423034668,340.527557373047
"72",42.2573166688283,15.0009833365679,2009,"ctc",9.04032421112061,27.3949203491211
"75",42.039575000604,15.4366250038147,2009,"ctc",7.23717021942139,39.7646713256836
"45",45.5708583196004,13.5417666753133,2009,"ctc",149.761474609375,1760.9580078125
"31",43.5822666803996,13.6069416681925,2010,"ctc",0,0
"33",43.3739749908447,13.717333316803,2010,"ctc",0,0
"34",43.3586083253225,13.8890583356222,2010,"ctc",0,0
"37",43.122833331426,13.9250833193461,2010,"ctc",0,0
"43",45.3889833291372,12.4008500099182,2010,"ctc",9.57967472076416,26.4631900787354
"44",45.4662250041962,12.7106083552043,2010,"ctc",0,0
"46",44.9109416643778,12.6046250025431,2010,"ctc",0.952674806118011,26.4631900787354
"47",44.6010416666667,12.4783499876658,2010,"ctc",0,0
"48",44.0587749997775,12.6185000101725,2010,"ctc",0,0
"49",43.5724666595459,13.7796499888102,2010,"ctc",0,0
"50",43.0607250014941,14.0133166665832,2010,"ctc",0,0
"55",45.3814666589101,12.4504083315531,2010,"ctc",0,0
"56",45.3330749988556,12.8852333386739,2010,"ctc",138.509918212891,765.852661132812
"57",45.073483333985,12.7376083374023,2010,"ctc",27.7250175476074,198.035842895508
"63",44.2106333335241,12.6036916414897,2010,"ctc",1.06630456447601,82.0234222412109
"64",44.126016664505,12.5271166642507,2010,"ctc",0,0
"65",44.0785416682561,12.7588583310445,2010,"ctc",7.17916297912598,205.118942260742
"66",43.6090166727702,13.6668416659037,2010,"ctc",0,0
"68",42.9028500239054,13.9729916890462,2010,"ctc",0,0
"70",42.582283337911,14.2302999973297,2010,"ctc",0,0
"71",42.272841668129,14.560374991099,2010,"ctc",9.96563148498535,30.3830223083496
"73",42.0937750021617,14.8907999992371,2010,"ctc",71.292350769043,273.465087890625
"74",41.9818916638692,15.0804583350817,2010,"ctc",9.88857936859131,27.855152130127
"76",41.9962083498637,15.6912166595459,2010,"ctc",56.8587608337402,281.986663818359
"1",45.4117833455404,13.0372416496277,2010,"ctc",26.5500259399414,149.157455444336
"2",45.6191500027974,13.1393083333969,2010,"ctc",15.3363838195801,106.998023986816
"3",45.6416833559672,13.490374994278,2010,"ctc",59.8641510009766,678.731811523438
"4",45.1057166655858,12.3798083464305,2010,"ctc",2.93369174003601,24.861795425415
"5",45.1497833331426,12.5162750085195,2010,"ctc",15.1483039855957,201.440231323242
"8",44.8291833559672,12.4823750019073,2010,"ctc",0,0
"12",44.5926083564758,12.348008330663,2010,"ctc",0,0
"16",44.2920583407084,12.3844416618347,2010,"ctc",0,0
"17",44.3210666656494,12.5709583282471,2010,"ctc",1.74094712734222,69.6378860473633
"21",44.131133333842,12.7712999979655,2010,"ctc",11.3841018676758,307.678436279297
"24",43.9181166648865,13.0185250007858,2010,"ctc",0,0
"25",43.9806583404541,13.0655583341916,2010,"ctc",1.61155772209167,61.9829864501953
"27",43.7935499827067,13.1888749996821,2010,"ctc",0,0
"28",43.7975833574931,13.369000005722,2010,"ctc",0.420548498630524,24.7381458282471
"51",45.3327500025431,13.0682250022888,2010,"ctc",125.570182800293,675.627380371094
"53",44.5594000180562,13.5569499969482,2010,"ctc",39.0898704528809,193.036407470703
"54",44.2324583292007,12.9780333518982,2010,"ctc",67.9472885131836,646.406677246094
"58",45.0339083331327,13.2407333294551,2010,"ctc",51.861701965332,348.065124511719
"59",44.7027750015259,12.7667249997457,2010,"ctc",5.2295708656311,25.6351509094238
"60",44.6596749941508,13.4841916561127,2010,"ctc",36.6286582946777,337.813690185547
"61",44.4642499923706,12.6615666707357,2010,"ctc",21.148998260498,76.9054489135742
"62",44.4505499998728,12.7267583529154,2010,"ctc",16.327787399292,79.3895721435547
"67",43.3624500115712,13.9848499933879,2010,"ctc",43.9954681396484,316.9287109375
"6",45.2567083358765,12.8848166783651,2010,"ctc",38.5107612609863,144.777297973633
"9",45.0176583329837,12.9267833391825,2010,"ctc",0,0
"10",45.101166665554,13.2493833303452,2010,"ctc",45.4374847412109,389.909759521484
"13",44.6128833134969,12.7452500025431,2010,"ctc",6.98911094665527,25.3228664398193
"14",44.7337750116984,13.1590916633606,2010,"ctc",63.4469947814941,487.06787109375
"18",44.3919333299001,12.8329500198364,2010,"ctc",24.7166194915771,158.779144287109
"19",44.5133250077565,13.2355000019073,2010,"ctc",0,0
"29",43.7299416542053,13.6117499987284,2010,"ctc",48.604248046875,281.986663818359
"30",44.0203166663647,14.021899998188,2010,"ctc",0,0
"32",44.0153916627169,14.5176250139872,2010,"ctc",0,0
"35",43.447983344396,14.2064999977748,2010,"ctc",4.74328994750977,24.5766315460205
"36",43.6818333307902,14.8340416590373,2010,"ctc",0,0
"38",43.3721166769663,14.1492083350817,2010,"ctc",18.8782119750977,78.3328323364258
"69",42.6672083536784,14.2526416619619,2010,"ctc",34.7465553283691,120.647750854492
"72",42.2629916747411,14.9933499952157,2010,"ctc",0,0
"75",42.0380499998728,15.4701916694641,2010,"ctc",25.3601570129395,144.777297973633
"22",44.3930833339691,13.6617499987284,2010,"ctc",0,0
"23",44.335541677475,14.040100000302,2010,"ctc",0,0
"26",44.0503999978304,13.320666662852,2010,"ctc",34.957763671875,227.162353515625
"45",45.5709416707357,13.5358750184377,2010,"ctc",98.4583129882812,1241.07116699219
"1",45.4083333333333,12.5166666666667,2011,"ctc",103.067794799805,298.314910888672
"2",45.6083333333333,13.1333333333333,2011,"ctc",46.6232948303223,198.035842895508
"3",45.6407666524251,13.2412583351135,2011,"ctc",96.0341033935547,752.028991699219
"4",45.1006000002225,12.3830166657766,2011,"ctc",0,0
"5",45.1416666666667,12.5,2011,"ctc",57.065616607666,392.326110839844
"8",44.832283337911,12.4801083246867,2011,"ctc",0,0
"12",44.825,12.525,2011,"ctc",0,0
"16",44.2742916584015,12.3857833385468,2011,"ctc",0,0
"17",44.3273500124613,12.5654750188192,2011,"ctc",0,0
"21",44.1434999982516,12.7600500106812,2011,"ctc",0,0
"24",43.9166666666667,13.0083333333333,2011,"ctc",20.6523456573486,53.7122116088867
"25",43.9583333333333,13.0583333333333,2011,"ctc",2.67278218269348,79.3895721435547
"27",43.8,13.175,2011,"ctc",0,0
"28",43.7992083231608,13.3690416653951,2011,"ctc",0.449874252080917,26.4631900787354
"31",43.574641640981,13.6087916692098,2011,"ctc",0,0
"33",43.3754583199819,13.7129416783651,2011,"ctc",0,0
"34",43.3561000029246,13.8931416511536,2011,"ctc",0,0
"60",44.6734333356221,13.4896166642507,2014,"ctc",188.563858032227,765.852661132812
"61",44.4695166746775,12.6555500030518,2014,"ctc",15.7660160064697,83.5654602050781
"62",44.4536083380381,12.7247666676839,2014,"ctc",15.1773118972778,54.6930160522461
"67",43.365508333842,13.9918583284986,2014,"ctc",21.3576240539551,328.158111572266
"22",44.4100333372752,13.6552583376567,2014,"ctc",181.454223632812,627.368286132812
"23",44.3376249949137,14.0282250006994,2014,"ctc",91.0460052490234,410.117126464844
"26",44.050866668423,13.3276916662852,2014,"ctc",117.152435302734,738.355712890625
"30",43.9738666534424,13.9917416721582,2014,"ctc",6.07242298126221,27.855152130127
"32",44.0320833330353,14.4934166590373,2014,"ctc",12.0612812042236,27.855152130127
"35",43.4487500031789,14.2075500011444,2014,"ctc",61.9398422241211,355.504608154297
"36",43.6907749811808,14.8233249982198,2014,"ctc",0,0
"38",43.3824416796366,14.1704666694005,2014,"ctc",21.4123153686523,164.079055786133
"69",42.6762249946594,14.247841668129,2014,"ctc",102.684700012207,492.256500244141
"72",42.2624583403269,14.9879416763783,2014,"ctc",12.9622449874878,54.6930160522461
"75",42.0359916677078,15.480291668574,2014,"ctc",22.9710655212402,164.079055786133
"45",45.5706249872843,13.5485166867574,2014,"ctc",58.7906036376953,745.233032226562
"1",45.4214166641235,12.5507750193278,2015,"ctc",5.35991525650024,82.0395278930664
"2",45.6169333140055,13.1323416630427,2015,"ctc",17.8299236297607,82.0395278930664
"3",45.6430333137512,13.4961916764577,2015,"ctc",122.132873535156,1148.32788085938
"4",45.1174166679382,12.3683250109355,2015,"ctc",0,0
"5",45.145866672198,12.522491645813,2015,"ctc",91.0270614624023,711.148864746094
"6",45.2600083351135,12.8848166783651,2015,"ctc",44.5288619995117,328.222564697266
"8",44.8335333188375,12.4809000015259,2015,"ctc",0,0
"12",44.8417249997457,12.544708331426,2015,"ctc",6.76773881912231,26.8561058044434
"16",44.272708328565,12.3894500096639,2015,"ctc",0,0
"17",44.3265583356222,12.5705083529154,2015,"ctc",0,0
"21",44.1431333303452,12.7622250239054,2015,"ctc",0,0
"24",43.9236499786377,13.019975010554,2015,"ctc",0,0
"25",43.9729333241781,13.0768583317598,2015,"ctc",10.1729011535645,27.346508026123
"27",43.7972166697184,13.1931749979655,2015,"ctc",2.67995762825012,54.6930160522461
"28",43.8031666755676,13.3781666596731,2015,"ctc",10.1182079315186,27.346508026123
"31",43.5788249969482,13.6142750104268,2015,"ctc",0,0
"33",43.3850000063578,13.7139499982198,2015,"ctc",0,0
"34",43.3810916582743,13.8807666778564,2015,"ctc",0,0
"37",43.0918166677157,13.9448166847229,2015,"ctc",0,0
"43",45.3801833311717,12.3917416572571,2015,"ctc",0,0
"44",45.4702416737874,12.7143666585286,2015,"ctc",16.1344394683838,136.732543945312
"46",44.9080916722616,12.6361083348592,2015,"ctc",6.51715850830078,68.3618011474609
"47",44.5703583081563,12.5477083206177,2015,"ctc",0,0
"48",44.0576166669528,12.6243249893188,2015,"ctc",0,0
"49",43.5758083343506,13.7706333478292,2015,"ctc",1.83977282047272,24.861795425415
"50",43.0521999994914,14.0124916662772,2015,"ctc",0,0
"55",45.384241660436,12.4637499968211,2015,"ctc",6.83662700653076,82.0395278930664
"56",45.3297666708628,12.8926666895549,2015,"ctc",25.3228664398193,246.118576049805
"57",45.0764333327611,12.7293999989827,2015,"ctc",63.7447128295898,410.197631835938
"63",44.1951999982198,12.6136083285014,2015,"ctc",0,0
"64",44.1562833309174,12.5125999927521,2015,"ctc",0,0
"65",44.0852224985758,12.7619499842326,2015,"ctc",0,0
"66",43.6001333236694,13.6732166608175,2015,"ctc",0,0
"68",42.9036833445231,13.982283337911,2015,"ctc",0,0
"70",42.5819833437602,14.2309416691462,2015,"ctc",0,0
"71",42.2673333326976,14.5727000236511,2015,"ctc",0,0
"73",42.0939999977748,14.8768583297729,2015,"ctc",0,0
"74",41.9778083401422,15.0836000005404,2015,"ctc",0,0
"76",41.9943499883016,15.703241666158,2015,"ctc",29.0419921875,54.6930160522461
"9",45.0206666568915,12.9379583358765,2015,"ctc",67.9834213256836,492.237152099609
"10",45.1126749992371,13.2514250040054,2015,"ctc",122.375617980957,1230.59289550781
"13",44.6191999753316,12.7528999964396,2015,"ctc",41.4026145935059,273.465087890625
"14",44.7213916460673,13.0889583349228,2015,"ctc",57.1541976928711,437.544128417969
"18",44.3850249926249,12.8528999964396,2015,"ctc",57.7284812927246,382.851104736328
"19",44.4431749979655,13.1614666700363,2015,"ctc",109.769714355469,640.878784179688
"29",43.7261416753133,13.6077083587646,2015,"ctc",16.73606300354,82.0395278930664
"51",45.3327166716258,13.0683833340804,2015,"ctc",88.0010604858398,574.276672363281
"53",44.5566416740417,13.5593000094096,2015,"ctc",243.193420410156,2270.18359375
"54",44.2377499977748,12.9766416549683,2015,"ctc",51.5238304138184,635.116577148438
"58",45.0341416676839,13.2445583343506,2015,"ctc",165.637802124023,1449.36486816406
"59",44.6945083300273,12.7766333262126,2015,"ctc",27.182430267334,191.425552368164
"60",44.6687583287557,13.4880249977112,2015,"ctc",119.473014831543,1367.59399414062
"61",44.4666666666667,12.6587750116984,2015,"ctc",4.37544107437134,27.346508026123
"62",44.451166677475,12.7394916534424,2015,"ctc",17.1189136505127,82.0395278930664
"67",43.3609333356221,13.9959166735411,2015,"ctc",20.0996837615967,164.079055786133
"22",44.4030916690826,13.6532583554586,2015,"ctc",9.02257633209229,82.0234222412109
"23",44.3272166728973,14.0536333342393,2015,"ctc",0,0
"26",44.0534083346526,13.3330000082652,2015,"ctc",81.7113647460938,793.048706054688
"30",43.9772916475932,14.0148416817188,2015,"ctc",0,0
"32",44.0390583326419,14.5091166655223,2015,"ctc",0,0
"35",43.4370833396912,14.2123333374659,2015,"ctc",61.5296440124512,328.158111572266
"36",43.7015083312988,13.705366675059,2015,"ctc",16.4899444580078,109.386032104492
"38",43.3804500102997,14.1610166708628,2015,"ctc",42.277702331543,355.504608154297
"69",42.6670500119527,14.2544333299001,2015,"ctc",53.2163047790527,464.890625
"72",42.2449750026067,15.0013833274444,2015,"ctc",13.9467191696167,109.386032104492
"75",42.0362916668256,15.4743583361308,2015,"ctc",6.56316184997559,54.6930160522461
"45",45.5710083325704,13.534625005722,2015,"ctc",152.320892333984,1246.95935058594
"1",45.421666653951,12.5505833307902,2016,"ctc",201.871917724609,984.474304199219
"2",45.6212749799093,13.1409250020981,2016,"ctc",50.3218765258789,263.879821777344
"3",45.6435333251953,13.4935166517893,2016,"ctc",230.219863891602,1852.71411132812
"4",45.1024333318075,12.3880333264669,2016,"ctc",14.1928377151489,82.0395278930664
"5",45.1513416608175,12.5144916534424,2016,"ctc",138.947555541992,875.260192871094
"8",44.8281750043233,12.4753166516622,2016,"ctc",0,0
"12",44.8309500058492,12.5390083154043,2016,"ctc",0,0
"16",44.2889833291372,12.385008319219,2016,"ctc",0,0
"17",44.3352916717529,12.5591333389282,2016,"ctc",15.806282043457,54.6930160522461
"21",44.1481333335241,12.7588583310445,2016,"ctc",4.07462978363037,191.425552368164
"24",43.9229999860128,13.0183749854565,2016,"ctc",0,0
"25",43.9649333318075,13.0743166665236,2016,"ctc",0,0
"27",43.7950333277384,13.1923750003179,2016,"ctc",0,0
"28",43.7948833465576,13.3821000099182,2016,"ctc",0,0
"31",43.5861083348592,13.6087916692098,2016,"ctc",0,0
"33",43.3579500039419,13.7250833193461,2016,"ctc",0,0
"34",43.3848583221436,13.878333346049,2016,"ctc",0,0
"37",43.1172583341598,13.9190166473389,2016,"ctc",0,0
"43",45.3892916679382,12.4003666559855,2016,"ctc",123.008544921875,565.816650390625
"44",45.4649750073751,12.7130499839783,2016,"ctc",170.833648681641,957.127807617188
"46",44.9116500218709,12.6185833295186,2016,"ctc",0,0
"47",44.5749000231425,12.5440666516622,2016,"ctc",51.7122459411621,246.118576049805
"48",44.0597999989986,12.6296500205994,2016,"ctc",0,0
"49",43.5669249852498,13.7774583180745,2016,"ctc",11.4855327606201,54.6930160522461
"50",43.053491666913,14.0213083336751,2016,"ctc",6.31704330444336,82.0395278930664
"55",45.3844166755676,12.4551249980926,2016,"ctc",98.9396667480469,546.93017578125
"56",45.3296250025431,12.8972166697184,2016,"ctc",150.66276550293,1181.66870117188
"57",45.07762499849,12.7160000165304,2016,"ctc",63.1704330444336,464.890625
"63",44.1991499980291,12.6086499849955,2016,"ctc",1.66813695430756,27.346508026123
"64",44.135416662693,12.5215833504995,2016,"ctc",0,0
"65",44.0845166643461,12.7602333068848,2016,"ctc",0,0
"66",43.5901749928792,13.6818583488464,2016,"ctc",0,0
"68",42.9024999936422,13.9741833051046,2016,"ctc",0,0
"70",42.5785999933879,14.235274998347,2016,"ctc",0,0
"71",42.266758330663,14.5699833234151,2016,"ctc",1.69548344612122,27.346508026123
"73",42.0878083348274,14.8915333112081,2016,"ctc",9.27046585083008,27.346508026123
"74",41.9874750154714,15.0843083341916,2016,"ctc",15.9430141448975,27.346508026123
"76",41.9973333358765,15.7073916435242,2016,"ctc",15.4781227111816,54.6930160522461
"6",45.2594166676203,12.8804333368937,2016,"ctc",66.9133071899414,585.930908203125
"9",45.0139416575432,12.9315833409627,2016,"ctc",16.0797462463379,164.079055786133
"10",44.6226916670799,13.2471333344777,2016,"ctc",110.233779907227,902.434753417969
"13",44.60609998703,12.7303249994914,2016,"ctc",42.1683158874512,300.811584472656
"14",44.7268833478292,13.0873916665713,2016,"ctc",42.0862770080566,328.158111572266
"18",44.3865749994914,12.8463500022888,2016,"ctc",78.3477478027344,875.088256835938
"19",44.4623166720072,13.163466668129,2016,"ctc",68.160888671875,437.630096435547
"29",43.7276000022888,13.6147083282471,2016,"ctc",12.4153146743774,191.425552368164
"51",45.3308583259583,13.0645916660627,2016,"ctc",95.1385040283203,793.048706054688
"53",44.5690333366394,13.554483350118,2016,"ctc",70.1949844360352,557.10302734375
"54",44.2334000031153,12.9812083244324,2016,"ctc",83.543586730957,875.088256835938
"58",45.0462999979655,13.2464833339055,2016,"ctc",116.303619384766,678.980041503906
"59",44.4536166588465,12.7567666689555,2016,"ctc",43.016056060791,300.811584472656
"60",44.6770583470662,13.4870916684469,2016,"ctc",71.4978179931641,492.333831787109
"61",44.4601583321889,12.6596333503723,2016,"ctc",61.803108215332,300.811584472656
"62",44.4534916718801,12.7647333463033,2016,"ctc",33.8002815246582,300.811584472656
"67",43.3510666529338,13.9876333236694,2016,"ctc",37.1912498474121,410.197631835938
"22",44.4035166740418,13.6581166585286,2016,"ctc",78.8281173706055,273.518798828125
"23",44.3368833382924,14.039733333389,2016,"ctc",55.3055038452148,218.815048217773
"26",44.0408666670322,13.3364333311717,2016,"ctc",86.8251647949219,957.127807617188
"30",43.9668999989827,13.9912583182255,2016,"ctc",0,0
"32",44.0372833331426,14.5127583344777,2016,"ctc",4.23398303985596,27.855152130127
"35",43.4509333292643,14.3538583358129,2016,"ctc",14.4389562606812,54.6930160522461
"36",43.7077166557312,13.7154500007629,2016,"ctc",46.4623947143555,417.827301025391
"38",43.3785250027974,14.1621083339055,2016,"ctc",38.6406173706055,273.465087890625
"69",42.6649000167847,14.2509250005086,2016,"ctc",54.9117851257324,437.544128417969
"72",42.2615333398183,14.9916499972343,2016,"ctc",13.5365219116211,82.0395278930664
"75",42.0368666668733,15.4719083309174,2016,"ctc",9.13373374938965,54.6930160522461
"45",45.5698333422343,13.5340416590373,2016,"ctc",61.8433647155762,1230.71374511719
"1",45.4192583243052,12.547508319219,2017,"ctc",39.1875457763672,300.811584472656
"2",45.6226750055949,13.1380249977112,2017,"ctc",22.8890266418457,136.732543945312
"3",45.6429333368937,13.4964583396912,2017,"ctc",140.916458129883,1367.23596191406
"4",45.0989000002543,12.3898916721344,2017,"ctc",2.47076177597046,53.7122116088867
"5",45.1499666690826,12.5093000094096,2017,"ctc",155.179824829102,950.7861328125
"6",45.2535583337148,12.8844000180562,2017,"ctc",59.9553184509277,547.03759765625
"8",44.8260083516439,12.4776666641235,2017,"ctc",0,0
"16",44.285008319219,12.3877166748047,2017,"ctc",0,0
"17",44.3425333340963,12.5604833285014,2017,"ctc",0,0
"21",44.1463166634242,12.7600083351135,2017,"ctc",0,0
"24",43.9182999928792,13.0244999989867,2017,"ctc",0,0
"25",43.9722999890645,13.0771416664124,2017,"ctc",0,0
"27",43.8066583315531,13.1871333360672,2017,"ctc",0,0
"28",43.792124970754,13.3853583335876,2017,"ctc",0,0
"31",43.58219165802,13.6393500010173,2017,"ctc",0,0
"33",43.3849666595459,13.7353833198547,2017,"ctc",0,0
"34",43.3635250091553,13.9036499977112,2017,"ctc",0,0
"37",43.1053416689237,13.9264916737874,2017,"ctc",0,0
"43",45.3838083426158,12.3932333310445,2017,"ctc",15.8609743118286,82.0395278930664
"44",45.4689666748047,12.7162249883016,2017,"ctc",50.098804473877,273.465087890625
"46",44.9079999923706,12.6207999865214,2017,"ctc",0,0
"47",44.578891658783,12.5474083264669,2017,"ctc",11.570951461792,28.2908344268799
"48",44.0588916679223,12.6293999989827,2017,"ctc",0,0
"49",43.5771416664124,13.7831916491191,2017,"ctc",0,0
"50",43.0562750021617,14.0244416673978,2017,"ctc",0,0
"55",45.3857000033061,12.4514666557312,2017,"ctc",41.0823936462402,293.027069091797
"56",45.3335666656494,12.8896583239237,2017,"ctc",283.037231445312,2297.55786132812
"57",45.0765000005563,12.7339583396912,2017,"ctc",76.0174713134766,792.143371582031
"63",44.2092249949773,12.5989249865214,2017,"ctc",0,0
"64",44.1499250014623,12.5201499938965,2017,"ctc",0,0
"65",44.0868166645368,12.7627750078837,2017,"ctc",0,0
"66",43.5905916531881,13.680425008138,2017,"ctc",7.11009168624878,27.346508026123
"68",42.8999333381653,13.9767916679382,2017,"ctc",0,0
"70",42.5779416402181,14.2336249987284,2017,"ctc",0,0
"71",42.2671416680018,14.5656583150228,2017,"ctc",0,0
"73",42.0886358340581,14.8894333203634,2017,"ctc",0,0
"74",41.9860833341877,15.0875083327293,2017,"ctc",15.2320041656494,27.346508026123
"76",41.996666653951,15.6994916915894,2017,"ctc",10.2822866439819,82.0395278930664
"10",45.1206750035286,13.2480000019074,2017,"ctc",226.351165771484,1878.31652832031
"13",44.6083999951681,12.7473750114441,2017,"ctc",0,0
"14",44.7365250269572,13.1660333315531,2017,"ctc",94.4821853637695,929.78125
"18",44.3905916531881,12.8475166638692,2017,"ctc",16.8181018829346,54.6930160522461
"29",43.7301416714986,13.607458337148,2017,"ctc",1.81061351299286,28.2908344268799
"51",45.3369916598002,13.0783333341281,2017,"ctc",110.738487243652,1036.14953613281
"53",44.5607499758403,13.5503833134969,2017,"ctc",188.34504699707,1641.11279296875
"54",44.2375249942144,12.97579164505,2017,"ctc",127.970672607422,999.770874023438
"58",45.0476833313704,13.2506500005722,2017,"ctc",224.414962768555,1888.48510742188
"59",44.6895416895549,12.7608333587646,2017,"ctc",6.62429285049438,27.6012210845947
"60",44.6726916631063,13.4961583296458,2017,"ctc",114.815338134766,871.755554199219
"61",44.4622083346049,12.6632916768392,2017,"ctc",0,0
"62",44.4487166722616,12.7342250188192,2017,"ctc",8.62704277038574,24.861795425415
"67",43.3531916618347,13.9904916763306,2017,"ctc",13.4005260467529,84.1037216186523
"22",44.4419583320618,13.6658416748047,2017,"ctc",0,0
"23",44.335658343633,14.0437833329042,2017,"ctc",0,0
"26",44.0488833328088,13.3227333386739,2017,"ctc",39.8900756835938,424.362518310547
"30",43.9655249913533,13.9872583488623,2017,"ctc",0.596683084964752,24.861795425415
"32",44.0490916659435,14.4870666662852,2017,"ctc",0,0
"35",43.4296916643778,14.2885000069936,2017,"ctc",5.76793622970581,24.861795425415
"36",43.7044500033061,13.7102083524068,2017,"ctc",4.84033203125,54.6930160522461
"38",43.3788499991099,14.1416749954224,2017,"ctc",16.3808612823486,76.9054489135742
"69",42.6723999977112,14.2503750006358,2017,"ctc",11.2997817993164,79.3895721435547
"72",42.2606916666031,14.9891250014305,2017,"ctc",0,0
"75",42.0392083326976,15.465641673406,2017,"ctc",33.27001953125,169.745010375977
"45",45.5714083353678,13.5394333203634,2017,"ctc",37.8268623352051,638.04345703125
"1",45.4230916659037,12.5548250039419,2018,"ctc",142.858154296875,683.662719726562
"2",45.6187583287557,13.1406249960264,2018,"ctc",9.66445159912109,102.540603637695
"3",45.6397583325704,13.486600001653,2018,"ctc",144.124694824219,1342.77661132812
"4",45.0829750021299,12.4547416687012,2018,"ctc",20.291109085083,136.732543945312
"5",45.1492249965668,12.5144083340963,2018,"ctc",100.560119628906,767.432495117188
"6",45.2592083295186,12.8895416577657,2018,"ctc",52.5104560852051,461.517639160156
"8",44.8314083417257,12.4826500097911,2018,"ctc",0,0
"12",44.8403916676839,12.5506916681925,2018,"ctc",0,0
"16",44.2725416660309,12.3934666792552,2018,"ctc",0,0
"17",44.3318499883016,12.557249991099,2018,"ctc",17.884614944458,27.346508026123
"21",44.1470750013987,12.7612916946411,2018,"ctc",0,0
"24",43.915741666158,13.0241749990111,2018,"ctc",0,0
"25",43.9657916704814,13.0784166653951,2018,"ctc",6.61785507202148,54.6930160522461
"27",43.8041749954224,13.1957166671753,2018,"ctc",0,0
"28",43.8000500043233,13.3901666641235,2018,"ctc",0,0
"31",43.5739833513896,13.6145083427429,2018,"ctc",0,0
"33",43.3496499856313,13.7399583180745,2018,"ctc",0,0
"34",43.3796916643779,13.8836000124613,2018,"ctc",0,0
"37",43.1120916644732,13.9232833226522,2018,"ctc",0,0
"43",45.3820999940236,12.3796999931335,2018,"ctc",31.2067947387695,187.992736816406
"44",45.4683749993642,12.7112833340963,2018,"ctc",153.550643920898,1011.82080078125
"46",44.8975666681925,12.6249583244324,2018,"ctc",3.28158092498779,27.346508026123
"47",44.5717999776204,12.5466833432515,2018,"ctc",0,0
"48",44.0631666640441,12.6110166549683,2018,"ctc",0,0
"49",43.5792833328247,13.7671416600545,2018,"ctc",0,0
"50",43.0521416674058,14.0125833332539,2018,"ctc",0,0
"51",45.3364000002543,13.0847416679064,2018,"ctc",110.510284423828,979.138061523438
"55",45.3826000054677,12.4495333353678,2018,"ctc",126.067405700684,656.316223144531
"56",45.3332583268484,12.8833333333333,2018,"ctc",150.099212646484,1137.91723632812
"57",45.080258333683,12.7260166803996,2018,"ctc",5.90103006362915,28.6457767486572
"63",44.2037500063578,12.6040833473206,2018,"ctc",0,0
"64",44.1389749964078,12.5240083376567,2018,"ctc",0,0
"65",44.0895333329836,12.7568500200907,2018,"ctc",0,0
"66",43.5889916737874,13.6819666862488,2018,"ctc",0,0
"68",42.899000008901,13.9777166684469,2018,"ctc",5.90684604644775,27.346508026123
"70",42.5736583391825,14.2393916686376,2018,"ctc",0,0
"71",42.2659583409627,14.5679583231608,2018,"ctc",0,0
"73",42.0899000008901,14.8895583152771,2018,"ctc",0,0
"74",41.9697166442871,15.0953916668892,2018,"ctc",0,0
"76",41.9975666681925,15.7041500091553,2018,"ctc",43.8091049194336,82.0395278930664
"9",45.0155666589737,12.9306999842326,2018,"ctc",42.9762191772461,238.168716430664
"10",45.1131416638692,13.2486083348592,2018,"ctc",136.541122436523,1339.97888183594
"13",44.6116999944051,12.7491500218709,2018,"ctc",15.7789354324341,136.732543945312
"14",44.7402583440145,13.1596416632334,2018,"ctc",205.820419311523,1398.67517089844
"18",44.3895416736603,12.85203332901,2018,"ctc",112.997817993164,1137.91723632812
"19",44.4601083278656,13.1592166662216,2018,"ctc",94.6843566894531,772.145629882812
"29",43.729333337148,13.6091583251953,2018,"ctc",16.2711734771729,109.386032104492
"53",44.5620583534241,13.5549249966939,2018,"ctc",83.4807586669922,476.427917480469
"54",44.2342749993006,12.9859000205994,2018,"ctc",95.8754653930664,1025.40600585938
"58",45.042141666015,13.2527750015259,2018,"ctc",195.986389160156,1508.40185546875
"59",44.7007833480835,12.7574999809265,2018,"ctc",14.2107334136963,132.315948486328
"60",44.6712916692098,13.5065833250682,2018,"ctc",54.6959495544434,546.95947265625
"61",44.4485916614532,12.6730499903361,2018,"ctc",11.0479898452759,54.6930160522461
"62",44.4456166585286,12.740716679891,2018,"ctc",55.6256256103516,396.947845458984
"67",43.3580833276113,13.9841916720072,2018,"ctc",11.5949192047119,82.0395278930664
"22",44.4056666692098,13.6495083173116,2018,"ctc",17.0248718261719,51.2797393798828
"23",44.3453500111898,14.032916667064,2018,"ctc",7.28172302246094,51.2797393798828
"26",44.0421916673581,13.3353583335876,2018,"ctc",54.9617652893066,461.432708740234
"30",43.9616083145142,13.9940416812897,2018,"ctc",0,0
"32",44.0523000001907,14.4860750039419,2018,"ctc",0,0
"35",43.433266655604,14.2138249953588,2018,"ctc",48.5295944213867,250.2958984375
"36",43.6984333356222,13.7102166811625,2018,"ctc",10.9112567901611,109.386032104492
"38",43.3755333264669,14.1476666649183,2018,"ctc",33.5288619995117,238.168716430664
"69",42.6578500111898,14.2616750001907,2018,"ctc",47.0633392333984,410.197631835938
"72",42.2603499968847,15.0001833389203,2018,"ctc",42.5511665344238,218.772064208984
"75",42.0362749993801,15.4778166611989,2018,"ctc",0,0
"45",45.6083666483561,13.5288416703542,2018,"ctc",164.372543334961,1469.63073730469
"3",45.6432999928792,13.4984166622162,2019,"ctc",77.6528854370117,966.633422851562
"31",43.5786749839783,13.6110083262126,2019,"ctc",0,0
"49",43.5806249936422,13.7731083234151,2019,"ctc",0,0
"1",45.4138916651408,12.5450916608175,2019,"ctc",10.4741611480713,83.3487548828125
"37",43.1074666659037,13.9346833229065,2011,"ctc",0,0
"43",45.3612999916077,12.3735500017802,2011,"ctc",6.8539662361145,52.9263801574707
"44",45.4583333333333,12.7,2011,"ctc",13.5248165130615,74.5853805541992
"46",44.9083333333333,12.625,2011,"ctc",0,0
"47",44.6,12.4583333333333,2011,"ctc",0,0
"48",44.0601416667302,12.616100025177,2011,"ctc",0,0
"49",43.5635416666667,13.7858666737874,2011,"ctc",0,0
"50",43.0563166658084,14.0138749999305,2011,"ctc",0,0
"55",45.383533334732,12.4613249937693,2011,"ctc",97.1091690063477,380.935211181641
"56",45.3348499933879,12.8859250068665,2011,"ctc",96.9897689819336,547.03759765625
"57",45.0776999990145,12.733074982961,2011,"ctc",24.5298175811768,246.118576049805
"63",44.2052666664124,13.1027750015259,2011,"ctc",1.5234203338623,117.186180114746
"64",44.136541668574,12.530924987793,2011,"ctc",0,0
"65",44.0833333333333,12.75,2011,"ctc",0,0
"66",43.6071333567301,13.6680583318075,2011,"ctc",0,0
"68",44.4007416725159,13.974233341217,2011,"ctc",0,0
"70",42.5857999801636,14.2314249992371,2011,"ctc",0,0
"71",42.2723416725794,14.5626333554586,2011,"ctc",2.12163257598877,26.8561058044434
"73",42.0935416658719,14.8834833463033,2011,"ctc",76.6796035766602,191.425552368164
"74",41.9891583224138,15.0670916656653,2011,"ctc",107.236434936523,187.992736816406
"76",41.9967833518982,15.6839166641235,2011,"ctc",12.6758680343628,105.852760314941
"6",45.25,12.8833333333333,2011,"ctc",13.3477172851562,54.7037620544434
"9",45.0083333333333,12.9083333333333,2011,"ctc",22.8545074462891,146.503265380859
"10",45.1184333284696,13.2480499982834,2011,"ctc",102.788589477539,730.247253417969
"13",44.6,12.7333333333333,2011,"ctc",3.47465515136719,72.3886489868164
"14",44.7348666508992,13.1604083299637,2011,"ctc",27.6804962158203,185.242324829102
"18",44.3916666666667,12.825,2011,"ctc",43.3234062194824,256.351501464844
"19",44.5143500010172,13.240508333842,2011,"ctc",0,0
"29",43.725,13.6083333333333,2011,"ctc",23.8440113067627,139.275756835938
"51",45.3364166736603,13.0800749997298,2011,"ctc",30.3063259124756,307.678436279297
"53",44.5608083407084,13.5559999783834,2011,"ctc",154.403289794922,666.636596679688
"54",44.225,12.975,2011,"ctc",25.2661533355713,337.921783447266
"58",45.0325999995073,13.2440666675568,2011,"ctc",121.254264831543,717.784240722656
"59",44.6908500035604,12.7684333165487,2011,"ctc",24.6636981964111,242.59375
"60",44.6658916473389,13.4850333372752,2011,"ctc",185.336334228516,1258.1865234375
"61",44.4639249960581,12.659850025177,2011,"ctc",12.1070804595947,133.044845581055
"62",44.4483249982198,12.731458346049,2011,"ctc",12.2914171218872,53.9097213745117
"67",43.3486083348592,13.9850583394368,2011,"ctc",22.0205955505371,128.175750732422
"22",44.3913833300273,13.6596000035604,2011,"ctc",0,0
"23",44.3454833348592,14.0294999996821,2011,"ctc",0,0
"26",44.0528499980768,13.3132999897003,2011,"ctc",53.850772857666,546.921936035156
"30",43.9760499954224,14.0173166791598,2011,"ctc",0,0
"32",44.0369833330313,14.4953583399455,2011,"ctc",0,0
"35",43.4419500033061,14.2088750044505,2011,"ctc",50.7063293457031,153.810897827148
"36",43.8723583539327,13.7242416699727,2011,"ctc",12.2982540130615,78.3328323364258
"38",43.3711249987284,14.1602833350499,2011,"ctc",14.7145767211914,51.2703018188477
"69",42.6674333572388,14.2526749928792,2011,"ctc",25.5827884674072,149.170761108398
"72",42.2622666756312,14.9884749914209,2011,"ctc",38.3350219726562,122.086051940918
"75",42.0383750001589,15.473083337148,2011,"ctc",41.3383369445801,170.920471191406
"45",45.5708499908447,13.5393500010173,2011,"ctc",97.4446792602539,1128.39172363281
"46",44.9106916745504,12.6267999966939,2012,"ctc",0,0
"47",44.6126750310262,12.4599083264669,2012,"ctc",0,0
"48",44.0647750020027,12.6125749905904,2012,"ctc",0,0
"50",43.058233332634,14.0112166666736,2012,"ctc",0,0
"55",45.3840416590373,12.4575083255768,2012,"ctc",6.60723972320557,40.2880439758301
"56",45.3315166632334,12.8939249992371,2012,"ctc",170.330780029297,1230.71374511719
"57",45.0851666649183,12.7177750269572,2012,"ctc",71.7572402954102,546.93017578125
"63",44.2104666630427,12.6005583445231,2012,"ctc",3.19985556602478,41.0237884521484
"64",44.1456000010173,12.5186000029246,2012,"ctc",0,0
"65",44.0870916684469,12.7595750172933,2012,"ctc",2.15010333061218,84.8725051879883
"66",43.5948666890462,13.6740416526794,2012,"ctc",0,0
"70",42.5836583137512,14.2285666624705,2012,"ctc",9.34592437744141,26.8561058044434
"71",42.2704749902089,14.5644333521525,2012,"ctc",0,0
"1",45.4133749961853,12.5325499852498,2012,"ctc",24.1066341400146,63.106372833252
"2",45.6179166793823,13.139608335495,2012,"ctc",6.72724103927612,27.346508026123
"3",45.6402166366577,13.4862833340963,2012,"ctc",122.707046508789,656.187377929688
"4",45.105291668574,12.377258348465,2012,"ctc",10.5849580764771,27.855152130127
"5",45.1469750006994,12.5182083288829,2012,"ctc",172.757659912109,1142.06127929688
"8",44.8229166666667,12.4807083447774,2012,"ctc",0,0
"12",44.8382500012716,12.5422333399455,2012,"ctc",0,0
"16",44.2719499985377,12.3872083346049,2012,"ctc",0,0
"17",44.3335250059764,12.56453332901,2012,"ctc",0,0
"21",44.142733335495,12.7610916773478,2012,"ctc",7.35103034973145,295.353881835938
"24",43.9216000239054,13.0129499852657,2012,"ctc",0,0
"25",43.9686666806539,13.0723083337148,2012,"ctc",1.69548344612122,54.6930160522461
"27",43.7936833063761,13.1884083350499,2012,"ctc",0,0
"28",43.7927000045776,13.3801916599274,2012,"ctc",0,0
"31",43.5858249982198,13.5951499938965,2012,"ctc",0,0
"34",43.3558166662852,13.8928416887919,2012,"ctc",0.161136642098427,26.8561058044434
"37",43.1091333349546,13.9321583429972,2012,"ctc",0,0
"43",45.384316666921,12.3978500048319,2012,"ctc",11.6496124267578,27.346508026123
"44",45.4649833361308,12.7221833229065,2012,"ctc",62.8422775268555,246.118576049805
"73",42.0917833367984,14.8825000127157,2012,"ctc",9.95412826538086,27.346508026123
"74",41.9911500118673,15.0614999989669,2012,"ctc",0,0
"51",45.3331000010173,13.0659499982993,2012,"ctc",162.6025390625,1289.21740722656
"53",44.5658583323161,13.5535250027974,2012,"ctc",316.515960693359,2406.96557617188
"54",44.2356916666031,12.9725583394368,2012,"ctc",39.871208190918,273.465087890625
"58",45.0384083335598,13.2422166665395,2012,"ctc",333.398834228516,2573.40454101562
"59",44.6899333318075,12.7697249730428,2012,"ctc",2.46118593215942,82.0395278930664
"60",44.6743500073751,13.4819666703542,2012,"ctc",150.216522216797,1531.70532226562
"61",44.4528250058492,12.6688833236694,2012,"ctc",2.73465085029602,82.0395278930664
"62",44.448966662089,12.730041662852,2012,"ctc",1.05849575996399,55.7103042602539
"67",43.3438499927521,13.9916500091553,2012,"ctc",0,0
"6",45.2553833325704,12.878241666158,2012,"ctc",51.1976890563965,410.237884521484
"9",45.0144083221753,12.9209666570028,2012,"ctc",23.5726890563965,191.425552368164
"10",45.1168166637421,13.2457583347956,2012,"ctc",321.860107421875,2683.07080078125
"13",44.6111333211263,12.7517916679382,2012,"ctc",6.95954513549805,113.16333770752
"14",44.7358666737874,13.1630083401998,2012,"ctc",130.169387817383,683.662719726562
"18",44.3881083329519,12.8439666748047,2012,"ctc",13.3997888565063,300.811584472656
"19",44.5146166642507,13.2305500030518,2012,"ctc",40.203311920166,461.517639160156
"29",43.7337333361308,13.6151333491007,2012,"ctc",15.431755065918,111.420608520508
"69",42.6518583297729,14.2590308268865,2012,"ctc",15.8609743118286,164.079055786133
"72",42.2535499970118,14.9999250153701,2012,"ctc",42.3870849609375,246.118576049805
"22",44.3977083365123,13.6514166514079,2012,"ctc",124.177536010742,765.852661132812
"23",44.3298166592916,14.0455500006676,2012,"ctc",75.6005935668945,492.333831787109
"26",44.0434666663408,13.3274916648865,2012,"ctc",93.3609771728516,765.702209472656
"30",43.968691666921,14.0025083392858,2012,"ctc",0,0
"32",43.6598416646322,13.7848333358765,2012,"ctc",18.3768539428711,109.386032104492
"35",43.4480416615804,14.2066083351771,2012,"ctc",65.5757827758789,238.168716430664
"36",43.7012833277384,13.7094250043233,2012,"ctc",0.656316220760345,27.346508026123
"38",43.374041668574,14.1700416723887,2012,"ctc",43.0980949401855,191.425552368164
"45",45.5704833348592,13.5375500043233,2012,"ctc",55.8440628051758,668.791198730469
"1",45.4156750043233,12.5141666571299,2013,"ctc",40.8596954345703,246.14274597168
"2",45.6217083295186,13.1473000009855,2013,"ctc",0,0
"3",45.6416083335876,13.4914500077566,2013,"ctc",84.4841232299805,738.210815429688
"4",45.1045333305995,12.3817749977112,2013,"ctc",0,0
"5",45.1473166624705,12.520666662852,2013,"ctc",132.849334716797,1093.8603515625
"8",44.8260750134786,12.4787083307902,2013,"ctc",0,0
"12",44.8331083297729,12.5441916624705,2013,"ctc",0,0
"16",44.3048416773478,12.3777583440145,2013,"ctc",0,0
"17",44.3279166698456,12.5773749987284,2013,"ctc",0,0
"21",44.1428583343824,12.76155834198,2013,"ctc",0,0
"24",43.9212333361308,13.0158666670322,2013,"ctc",0,0
"25",43.9822916676911,13.1056416670481,2013,"ctc",0,0
"27",43.7980416615804,13.1820000012716,2013,"ctc",0,0
"28",43.7928249994914,13.388266658783,2013,"ctc",0,0
"31",43.5857583363851,13.5944916725159,2013,"ctc",0,0
"33",43.3797666549683,13.7189583142598,2013,"ctc",0,0
"34",43.3601083278656,13.8929916699727,2013,"ctc",0,0
"37",43.1049333333969,13.9293583552043,2013,"ctc",0,0
"43",45.3824249903361,12.3977916717529,2013,"ctc",33.920711517334,141.454162597656
"44",45.4651500066121,12.7116583188375,2013,"ctc",32.2415351867676,164.079055786133
"46",44.907458337148,12.6064833323161,2013,"ctc",0,0
"48",44.0531166672707,12.6204500198364,2013,"ctc",0,0
"49",43.5751083374023,13.7706083297729,2013,"ctc",0,0
"50",43.0560416668653,14.0188416664799,2013,"ctc",0,0
"55",45.384316666921,12.4694833278656,2013,"ctc",49.3572158813477,227.872665405273
"56",45.3358333428701,12.8793250083923,2013,"ctc",187.068481445312,2010.16564941406
"57",45.0790749986966,12.7296083450317,2013,"ctc",92.0483474731445,875.088256835938
"63",44.2053083340327,12.6011916796366,2013,"ctc",0,0
"64",44.1438000043233,12.5196083545685,2013,"ctc",0,0
"65",44.0841250002384,12.7610083262126,2013,"ctc",0,0
"66",43.5987250010173,13.6725416819255,2013,"ctc",0,0
"68",42.9041333198547,13.9727750142415,2013,"ctc",0,0
"70",42.5832166671753,14.2317833264669,2013,"ctc",0,0
"71",42.2660916646322,14.563975016276,2013,"ctc",9.8447437286377,27.346508026123
"73",42.0957583347956,14.8831416447957,2013,"ctc",0,0
"74",41.9831083391793,15.0808583339055,2013,"ctc",7.73906135559082,27.346508026123
"76",41.9933499972026,15.6738083203634,2013,"ctc",52.3685607910156,136.732543945312
"6",45.2575416644414,12.8870499928792,2013,"ctc",228.341461181641,1381.53271484375
"9",45.0099500040213,12.932249991099,2013,"ctc",36.4255485534668,328.158111572266
"10",45.1127833366394,13.2444416681925,2013,"ctc",248.392120361328,2014.2080078125
"13",44.6086249987284,12.7514250119527,2013,"ctc",4.10197639465332,54.6930160522461
"14",44.7417916615804,13.1648166656494,2013,"ctc",25.3775596618652,246.118576049805
"18",44.3895999908447,12.8428999900818,2013,"ctc",24.9812507629395,105.852760314941
"19",44.5135416666667,13.2316250006358,2013,"ctc",10.7766408920288,164.111282348633
"29",43.7233166694641,13.6166416803996,2013,"ctc",0.984474241733551,54.6930160522461
"51",45.3339749972026,13.0704083343347,2013,"ctc",150.188095092773,1148.66613769531
"53",44.5610916455587,13.5504499753316,2013,"ctc",188.454452514648,2352.26171875
"54",44.2193250020345,12.9748416900635,2013,"ctc",56.0876922607422,492.237152099609
"58",45.0152583241463,13.2511833349864,2013,"ctc",251.040954589844,2187.720703125
"59",44.6847999890645,12.7734416643778,2013,"ctc",0,0
"60",44.6759583155314,13.4828250090281,2013,"ctc",175.216156005859,1422.29772949219
"61",44.4559583346049,12.6612000147502,2013,"ctc",0,0
"62",44.4506499926249,12.7312916755676,2013,"ctc",6.07092475891113,27.346508026123
"67",43.3433666706085,13.989208316803,2013,"ctc",0,0
"22",44.3913833459218,13.6523666699727,2013,"ctc",18.7086868286133,164.111282348633
"23",44.3356666564941,14.0353000005086,2013,"ctc",20.9477615356445,161.136642456055
"26",44.0440499991179,13.3297083218892,2013,"ctc",63.1977844238281,574.276672363281
"30",43.989033322533,14.039791666468,2013,"ctc",4.10197639465332,27.346508026123
"32",43.6565000216166,13.7885416666667,2013,"ctc",13.1263236999512,82.0395278930664
"35",43.4507583459218,14.2065249999364,2013,"ctc",40.9287071228027,295.417175292969
"36",43.6953249931335,13.716449991862,2013,"ctc",18.5409317016602,54.6930160522461
"38",43.375250005722,14.1521166642507,2013,"ctc",10.2053203582764,107.424423217773
"69",42.6702749888102,14.2531999985377,2013,"ctc",13.9920320510864,53.7122116088867
"75",42.0393916666508,15.4637916723887,2013,"ctc",21.3302745819092,164.079055786133
"45",45.570516649882,13.5430333455404,2013,"ctc",39.1029472351074,729.192504882812
"1",45.4196750005086,12.5490249951681,2014,"ctc",121.78205871582,644.659545898438
"2",45.6195833206177,13.1456750035286,2014,"ctc",46.6531410217285,191.425552368164
"3",45.6419249852498,13.4903666655223,2014,"ctc",115.571006774902,1066.30456542969
"4",45.1104749997457,12.3817249933879,2014,"ctc",115.812461853027,574.276672363281
"5",45.1550833304723,12.5075416564941,2014,"ctc",238.945236206055,1461.20361328125
"6",45.2569166660309,12.8900666554769,2014,"ctc",274.002227783203,1603.44262695312
"8",44.8361833254496,12.4837250073751,2014,"ctc",0,0
"12",44.8414083480835,12.5438749949137,2014,"ctc",1.42201840877533,54.6930160522461
"16",44.2757416645686,12.3871166547139,2014,"ctc",0,0
"17",44.3423333326975,12.555366675059,2014,"ctc",20.5571022033691,83.5654602050781
"21",44.1504999995232,12.7566166877747,2014,"ctc",2.89872980117798,109.386032104492
"24",43.9210916837057,13.0226749877135,2014,"ctc",0,0
"25",43.9693333307902,13.0772083322207,2014,"ctc",2.24241375923157,82.0395278930664
"27",43.7972999890645,13.186474998792,2014,"ctc",0,0
"28",43.7842833518982,13.3913083394368,2014,"ctc",0,0
"31",43.5929916381836,13.6096916834513,2014,"ctc",0,0
"33",43.368633333842,13.7268333117167,2014,"ctc",2.57057166099548,27.346508026123
"34",43.3845583279928,13.879633363088,2014,"ctc",0.738355755805969,27.346508026123
"37",43.1331500013669,13.9044166882833,2014,"ctc",0,0
"43",45.3830749988556,12.3905749956767,2014,"ctc",298.924682617188,1312.63244628906
"44",45.466833337148,12.7095499992371,2014,"ctc",63.9087867736816,328.158111572266
"46",44.9130166689555,12.6298416773478,2014,"ctc",2.25266313552856,111.242622375488
"47",44.5972499847412,12.5453000068665,2014,"ctc",13.0250539779663,102.559478759766
"48",44.0805249989033,12.6025416692098,2014,"ctc",0,0
"50",43.0558916668097,14.0240999996662,2014,"ctc",0,0
"55",45.3887416680654,12.4743833223979,2014,"ctc",118.51976776123,628.969665527344
"56",45.3289916674296,12.9043416976929,2014,"ctc",292.959381103516,1873.54663085938
"57",45.0734333336353,12.732458337148,2014,"ctc",70.9915313720703,464.890625
"63",44.2179583390554,12.5879583358765,2014,"ctc",0,0
"64",44.1399666666985,12.5286916573842,2014,"ctc",0,0
"65",44.0919916669528,12.7584750175476,2014,"ctc",0.919036269187927,41.7743759155273
"66",43.5924249966939,13.6808416684469,2014,"ctc",0,0
"68",42.9118333180745,13.9784749984741,2014,"ctc",0,0
"70",42.5918416659037,14.2308833360672,2014,"ctc",2.67995762825012,109.386032104492
"71",42.2656999985377,14.5709499994914,2014,"ctc",0,0
"73",42.090750002861,14.8869833310445,2014,"ctc",15.5601634979248,54.6930160522461
"74",41.9815416653951,15.0839833339055,2014,"ctc",51.0832786560059,82.0395278930664
"76",41.9933916727702,15.6803249994914,2014,"ctc",61.228832244873,246.118576049805
"9",45.0192583461603,12.9295666694641,2014,"ctc",31.5441226959229,211.705520629883
"10",45.0982333302498,13.2446666638056,2014,"ctc",326.079742431641,2488.5322265625
"13",44.6131999969482,12.7443750063578,2014,"ctc",0.322273284196854,26.8561058044434
"14",44.7269833246867,13.0882083336512,2014,"ctc",69.6242065429688,437.544128417969
"18",44.3905166784922,12.8481083552043,2014,"ctc",151.198837280273,519.583679199219
"19",44.4566583474477,13.1591749986013,2014,"ctc",55.939037322998,348.065124511719
"29",43.7403499921163,13.6102749824524,2014,"ctc",20.9373092651367,229.719696044922
"49",43.5862083117167,13.7361500104268,2014,"ctc",3.7464714050293,136.732543945312
"51",45.336158323288,13.0815333346526,2014,"ctc",194.150405883789,1559.88854980469
"53",44.56875,13.5489833513896,2014,"ctc",232.912048339844,1702.47766113281
"54",44.240625,12.9766500155131,2014,"ctc",82.1489105224609,711.009216308594
"58",45.0180333435535,13.2424250046412,2014,"ctc",257.385314941406,1613.44396972656
"59",44.7033250172933,12.7651249885559,2014,"ctc",14.0014123916626,82.0395278930664
"2",45.6124333381653,13.1266916672389,2019,"ctc",0,0
"4",45.1055916666985,12.3828499952952,2019,"ctc",0,0
"68",42.8986833572388,13.9773166656494,2019,"ctc",0,0
"70",42.5879333178202,14.2314833323161,2019,"ctc",1.42201840877533,27.346508026123
"71",42.272708328565,14.5730166435242,2019,"ctc",0,0
"73",42.0960166652997,14.8765000025431,2019,"ctc",60.4357833862305,136.732543945312
"74",41.980274995168,15.0883416692416,2019,"ctc",14.8218069076538,27.346508026123
"76",41.9963083267212,15.6977916717529,2019,"ctc",0,0
"66",43.5717666625977,13.6846500078837,2019,"ctc",0,0
"65",44.0870499988397,12.7614916801453,2019,"ctc",0,0
"64",44.1533500035604,12.5125833352407,2019,"ctc",0,0
"63",44.2009916702906,12.6059500058492,2019,"ctc",0,0
"57",45.0758416652679,12.7340833346049,2019,"ctc",11.0915718078613,161.136642456055
"56",45.3270166714986,12.8694333394368,2019,"ctc",45.0396957397461,300.811584472656
"55",45.3860166708628,12.4707916577657,2019,"ctc",14.876501083374,109.386032104492
"50",43.0481916656097,14.0161916673183,2019,"ctc",13.0716304779053,54.6930160522461
"48",44.0646749993165,12.6236416816711,2019,"ctc",0,0
"47",44.5790999730428,12.5380499998728,2019,"ctc",0,0
"46",44.9084999720256,12.6200333277384,2019,"ctc",0,0
"44",45.4641666571299,12.7120499928792,2019,"ctc",6.39175319671631,53.7122116088867
"43",45.3866916656494,12.3996500015259,2019,"ctc",35.0687446594238,128.92919921875
"37",43.1088749965032,13.9338833173116,2019,"ctc",0,0
"34",43.3492666562398,13.8889333407084,2019,"ctc",0,0
"33",43.384124994278,13.7138666788737,2019,"ctc",0,0
"28",43.7934166908264,13.37797498703,2019,"ctc",0,0
"27",43.7966666857401,13.1965249935786,2019,"ctc",0,0
"25",43.9717166582743,13.0747416675091,2019,"ctc",0,0
"24",43.914649995168,13.0291083330909,2019,"ctc",0,0
"21",44.1467000007629,12.7596000035604,2019,"ctc",0,0
"17",44.3297249952952,12.5661583264669,2019,"ctc",0,0
"16",44.2912749926249,12.3847333272298,2019,"ctc",0,0
"12",44.837441666921,12.5456250031789,2019,"ctc",0,0
"8",44.8287083307902,12.4790083408356,2019,"ctc",0,0
"6",45.2575249989827,12.8720166524251,2019,"ctc",88.0183486938477,492.333831787109
"5",45.1425083319346,12.5183000087738,2019,"ctc",39.4247627258301,241.704956054688
"10",45.0845166643461,13.2352083365122,2019,"ctc",86.6337356567383,519.583679199219
"14",44.7486833254496,13.1720249970754,2019,"ctc",68.885856628418,519.583679199219
"19",44.4659333229065,13.1595416704814,2019,"ctc",85.8302001953125,929.963928222656
"67",43.3513500054677,13.9990583201249,2019,"ctc",13.2904033660889,109.386032104492
"62",44.4413499991099,12.7297583262126,2019,"ctc",16.1344413757324,82.0395278930664
"61",44.4613833268483,12.6539333343506,2019,"ctc",2.87138319015503,27.346508026123
"60",44.6775749842326,13.4862500031789,2019,"ctc",72.4040679931641,429.697692871094
"59",44.701416683197,12.7584749857585,2019,"ctc",23.3265705108643,54.6930160522461
"58",45.0286083335678,13.244708331426,2019,"ctc",72.9680404663086,429.697692871094
"54",44.2435583353043,12.975208346049,2019,"ctc",74.8747329711914,437.544128417969
"53",44.5649166425069,13.5542333285014,2019,"ctc",62.1981811523438,437.630096435547
"51",45.3341916720072,13.0573499987523,2019,"ctc",91.4193725585938,683.662719726562
"29",43.7272166570028,13.6082916577657,2019,"ctc",1.26223695278168,26.8561058044434
"18",44.3929166634878,12.8506583213806,2019,"ctc",14.5483427047729,54.6930160522461
"13",44.6105999946594,12.7512666702271,2019,"ctc",0,0
"9",45.0144916633765,12.9288750012716,2019,"ctc",10.9112567901611,109.386032104492
"22",44.4045833269755,13.6510999997457,2019,"ctc",7.38500785827637,54.7037620544434
"23",44.3410916646322,14.0341250002384,2019,"ctc",33.478702545166,54.7037620544434
"26",44.0478083342314,13.3235083421071,2019,"ctc",117.80876159668,929.78125
"30",43.9682333310445,14.0033166776101,2019,"ctc",5.3052225112915,27.346508026123
"32",44.0494833310445,14.4994916756948,2019,"ctc",13.8373327255249,27.346508026123
"36",43.6986583391825,13.7109249750773,2019,"ctc",48.9693565368652,529.247924804688
"69",42.6610583305359,14.2626166741053,2019,"ctc",104.791816711426,711.009216308594
"72",42.2617500066757,14.9822583456834,2019,"ctc",56.5799255371094,273.465087890625
"75",42.0381083329519,15.4818500041962,2019,"ctc",26.5808067321777,109.386032104492
"38",43.3792666753133,14.1594666639964,2019,"ctc",54.0913925170898,328.158111572266
"35",43.4583249886831,14.1958833297094,2019,"ctc",44.7662353515625,218.772064208984
"45",45.5710416475932,13.5329999923706,2019,"ctc",121.066581726074,820.234252929688
"5",45.1465250015259,12.51984167099,2020,"ctc",68.5850372314453,382.851104736328
"28",43.7943833351135,13.3829083283742,2020,"ctc",0,0
"65",44.0951166669528,12.7585750261943,2020,"ctc",0,0
"76",41.9976333300273,15.6977666854858,2020,"ctc",9.37985229492188,27.346508026123
"71",42.2719916741053,14.5714916865031,2020,"ctc",0,0
"46",44.9062583287557,12.6313166618347,2020,"ctc",0,0
"2",45.6204750061035,13.1464833378792,2020,"ctc",8.94230842590332,54.6930160522461
"12",44.8394666671753,12.5467666625977,2020,"ctc",0,0
"17",44.3307166576385,12.5668000221252,2020,"ctc",0,0
"25",43.9687333424886,13.0823166668415,2020,"ctc",0,0
"31",43.5740083376567,13.620574982961,2020,"ctc",0,0
"50",43.0477083345254,14.0174083327254,2020,"ctc",5.3712215423584,26.8561058044434
"73",42.0897833307584,14.8897750218709,2020,"ctc",20.2364158630371,27.346508026123
"1",45.4111750125885,12.5455250104268,2020,"ctc",75.9760589599609,328.190307617188
"3",45.6439166704814,13.4985249996185,2020,"ctc",38.961124420166,410.117126464844
"4",45.0981333335241,12.3876249949137,2020,"ctc",1.36732542514801,27.346508026123
"6",45.259491666158,12.8802666664124,2020,"ctc",67.6236801147461,429.697692871094
"8",44.8328916549683,12.4865083217621,2020,"ctc",0,0
"16",44.2973166624705,12.3828249931335,2020,"ctc",0,0
"21",44.1691999991735,12.7420083363851,2020,"ctc",0,0
"24",43.9148333231608,13.0270499994357,2020,"ctc",0,0
"27",43.7935916582743,13.1931500037511,2020,"ctc",0,0
"33",43.3813916683197,13.7331749916077,2020,"ctc",0,0
"34",43.3516750017802,13.8885166803996,2020,"ctc",0,0
"37",43.1106500029564,13.9333499908447,2020,"ctc",0,0
"43",45.3546750068665,12.3899583339691,2020,"ctc",8.3253927230835,53.7122116088867
"44",45.4607833226522,12.7053249994914,2020,"ctc",10.7961549758911,53.7122116088867
"47",44.5782583236694,12.5470666567485,2020,"ctc",18.9511299133301,27.346508026123
"49",43.5701499938965,13.7752916653951,2020,"ctc",0,0
"55",45.3854333400726,12.4585333347321,2020,"ctc",16.3788299560547,83.5654602050781
"56",45.3349999904633,12.8679916699727,2020,"ctc",88.0284118652344,492.237152099609
"63",44.2108166694641,12.5976499875387,2020,"ctc",0,0
"64",44.1440999984741,12.5246666749318,2020,"ctc",0,0
"66",43.5928750038147,13.6793666521708,2020,"ctc",0,0
"70",42.578483359019,14.2356750011444,2020,"ctc",0,0
"74",41.9809666633606,15.0846666673819,2020,"ctc",0,0
"54",44.2286333322525,12.9875333150228,2020,"ctc",57.3377876281738,349.12939453125
"61",44.4541749954224,12.6608833312988,2020,"ctc",0,0
"67",43.3464249928792,13.9876916885376,2020,"ctc",0,0
"9",45.0074166794618,12.9278999964396,2020,"ctc",31.5022125244141,161.136642456055
"18",44.3922416528066,12.8493083318075,2020,"ctc",129.212265014648,1039.16735839844
"51",45.336291662852,13.0779083331426,2020,"ctc",66.8895645141602,519.583679199219
"13",44.6100416819255,12.7162749926249,2020,"ctc",6.09827136993408,27.346508026123
"14",44.7183666547139,13.0852916677793,2020,"ctc",20.0883674621582,80.5683212280273
"19",44.4507166703542,13.1578916629155,2020,"ctc",68.7626266479492,547.03759765625
"29",43.7166916847229,13.6253333409627,2020,"ctc",6.71402645111084,26.8561058044434
"57",45.0592000007629,12.7492166519165,2020,"ctc",50.2209167480469,214.848846435547
"59",44.6952583312988,12.7650666554769,2020,"ctc",0,0
"30",43.9622166633606,13.952450021108,2020,"ctc",0,0
"35",43.4460916678111,14.220608329773,2020,"ctc",23.0257606506348,136.732543945312
"38",43.3766166687012,14.1718333323797,2020,"ctc",59.2051887512207,355.504608154297
"26",44.0494833330313,13.3226166725159,2020,"ctc",92.1030426025391,656.316223144531
"36",43.6948666572571,13.7240583101908,2020,"ctc",31.0656337738037,164.079055786133
"69",42.6650583267212,14.252874994278,2020,"ctc",55.8415718078613,300.811584472656
"72",42.253958328565,14.9944333195686,2020,"ctc",22.6702556610107,109.386032104492
"75",42.0543749988079,15.4814666748047,2020,"ctc",7.82110166549683,54.6930160522461
"45",45.5705916722616,13.531575012207,2020,"ctc",121.595687866211,1082.4541015625
