Station,Lat,Lon,year,species,BiomIndex,AbunIndex
1,44.55919167,12.83923333,2005,sja,0,0
2,44.58756666,12.50165,2005,sja,0,0
7,44.28683333,12.38481666,2005,sja,0,0
8,44.33745834,12.50063334,2005,sja,0,0
13,44.11445833,12.54723333,2005,sja,0,0
14,44.12538334,12.7034083,2005,sja,0,0
20,43.91809168,12.939125,2005,sja,0,0
21,43.96149168,13.085875,2005,sja,0,0
27,43.70814168,13.34406667,2005,sja,0,0
28,43.78078334,13.37115833,2005,sja,0,0
34,43.57639167,13.61097501,2005,sja,0,0
35,43.59596666,13.74535834,2005,sja,0,0
40,43.34727499,13.73523334,2005,sja,0,0
41,43.373675,13.88284168,2005,sja,0,0
47,43.11429167,13.87239167,2005,sja,0,0
48,43.13949167,13.98194167,2005,sja,0,0
101,45.3618,12.35491667,2005,sja,1.216169834,12.16169834
102,45.39698334,12.48796666,2005,sja,0,0
103,45.47975,12.79893335,2005,sja,0,0
104,45.56870003,13.13261666,2005,sja,13.21209145,162.6103668
105,45.65718333,13.46719999,2005,sja,10.56491566,120.74189
106,45.71051668,13.66778336,2005,sja,2.638798237,26.38798141
107,45.1102,12.35911668,2005,sja,0,0
108,45.14471666,12.49168332,2005,sja,37.36095047,571.402832
109,45.23311667,12.82371667,2005,sja,84.82967377,1168.599121
110,45.32141666,13.15628333,2005,sja,35.40242767,275.3522034
112,44.87951667,12.50316668,2005,sja,0,0
113,44.91511669,12.63518333,2005,sja,0,0
3,44.68776668,12.77601668,2005,sja,0,0
4,44.75881669,13.05885,2005,sja,2.734797478,12.43089771
5,44.86115001,13.42234166,2005,sja,13.7693758,87.88963318
9,44.42903333,12.84175002,2005,sja,0,0
10,44.51235833,13.15390833,2005,sja,0,0
11,44.60295,13.47998333,2005,sja,3.860728025,72.38864899
15,44.224625,13.01190833,2005,sja,0,0
114,45.00286667,12.96538334,2005,sja,0,0
115,45.0911,13.29611667,2005,sja,0.130554706,13.05547142
16,44.29641668,13.35648333,2005,sja,0,0
17,44.39732501,13.66475,2005,sja,0.431728959,21.58644867
18,44.4412,13.88720001,2005,sja,2.506462574,20.88718796
22,44.03598333,13.3917,2005,sja,0,0
23,44.128175,13.70083332,2005,sja,0,0
24,44.224425,14.0396,2005,sja,0,0
29,43.87463334,13.681775,2005,sja,0,0
30,43.94793332,14.00480832,2005,sja,0,0
31,44.02759167,14.309425,2005,sja,0,0
36,43.69045,14.07151667,2005,sja,0,0
37,43.77285833,14.3706,2005,sja,0,0
38,43.87123334,14.72010002,2005,sja,0,0
1,45.38526667,12.45704166,2006,sja,0,0
2,45.59166667,13.1,2006,sja,0,0
3,45.66940832,13.51147501,2006,sja,4.157485485,41.5748558
4,45.09904167,12.37793334,2006,sja,0,0
5,45.15145001,12.50060833,2006,sja,21.90380859,210.9255676
6,45.238775,12.84990832,2006,sja,50.83847046,411.0344543
8,44.904625,12.53149168,2006,sja,0,0
12,44.59268332,12.35505834,2006,sja,0,0
16,44.28812501,12.45860833,2006,sja,0,0
17,44.31325833,12.56945,2006,sja,0,0
21,44.145425,12.75641667,2006,sja,0,0
24,43.93093335,12.99422502,2006,sja,0,0
25,43.97676668,13.0653,2006,sja,0,0
27,43.74651667,13.19993333,2006,sja,0,0
31,43.58388335,13.59571667,2006,sja,0,0
33,43.399075,13.70545832,2006,sja,0,0
34,43.37753334,13.86211665,2006,sja,0,0
37,43.15116667,13.87613331,2006,sja,0,0
43,45.37564999,12.40067499,2006,sja,0,0
44,45.47210833,12.72950834,2006,sja,1.068270564,13.35338211
45,45.68305,13.61899166,2006,sja,153.2323456,2940.404297
46,44.91422501,12.64197502,2006,sja,5.080768108,200.7216949
47,44.59001668,12.401825,2006,sja,0,0
48,44.06129167,12.60989167,2006,sja,0,0
49,43.58243335,13.76397502,2006,sja,0,0
50,43.06099167,14.01376667,2006,sja,0,0
51,45.32220834,13.149,2006,sja,9.052924156,55.71030426
55,45.31546667,12.49995,2006,sja,3.369575024,28.07979202
56,45.31058334,12.90660833,2006,sja,42.25252151,429.686676
57,45.06403333,12.75746667,2006,sja,16.4287262,169.2656708
63,44.22986666,12.58211667,2006,sja,0,0
64,44.18273333,12.51018333,2006,sja,0,0
65,44.07574167,12.75051664,2006,sja,0,0
66,43.596825,13.67810001,2006,sja,0,0
9,44.99451668,12.98117501,2006,sja,0.750947714,12.51579571
10,45.08854167,13.27226666,2006,sja,2.169404507,14.46269608
13,44.61051664,12.74791667,2006,sja,0,0
14,44.75622498,13.11739167,2006,sja,5.987018108,44.34827805
15,44.92620834,13.50746667,2006,sja,47.4803772,237.401886
18,44.37486666,12.91179167,2006,sja,3.339598417,14.51999283
19,44.50535833,13.17432501,2006,sja,5.468944073,54.68943787
28,43.82913335,13.36833332,2006,sja,0,0
29,43.75354999,13.56099167,2006,sja,0,0
53,44.58372501,13.55169999,2006,sja,73.16312408,3294.073975
54,44.22265833,12.98176667,2006,sja,0,0
58,45.00460834,13.30770834,2006,sja,36.86104584,191.6774292
59,44.70425002,12.77826668,2006,sja,0,0
60,44.68214165,13.48129166,2006,sja,8.594055176,156.2555389
61,44.45446666,12.61155001,2006,sja,0,0
62,44.46219166,12.70974998,2006,sja,0,0
67,43.35293333,13.981075,2006,sja,0,0
22,44.42765834,13.65106665,2006,sja,0,0
26,44.06085,13.30105834,2006,sja,0,0
30,43.95440833,14.03468333,2006,sja,0,0
35,43.4579,14.20568333,2006,sja,0,0
36,43.64354998,14.84227502,2006,sja,0,0
38,43.30815001,14.58817501,2006,sja,0,0
89,40.49673333,19.37986666,2007,sja,0,0
90,40.72346665,19.30512501,2007,sja,0,0
93,41.12309999,19.42139166,2007,sja,0,0
95,41.63701668,19.53820833,2007,sja,0,0
96,41.84627501,19.32487501,2007,sja,0,0
92,41.05275833,19.38685001,2007,sja,0,0
91,40.95009168,19.326675,2007,sja,4.949657917,38.07429504
94,41.22025833,19.36564167,2007,sja,0,0
1,45.28946667,12.61325,2007,sja,59.14183426,324.9551392
2,45.61274999,13.12365834,2007,sja,0,0
3,45.66784166,13.51835,2007,sja,0,0
4,45.11753334,12.42181667,2007,sja,0,0
5,45.16536667,12.50556666,2007,sja,23.24453163,232.4453125
8,44.84059168,12.53939168,2007,sja,0,0
12,44.59495834,12.35109167,2007,sja,0,0
16,44.27591666,12.466375,2007,sja,0,0
17,44.29885834,12.50121667,2007,sja,0,0
24,43.94254999,13.01638332,2007,sja,0,0
25,43.95345001,13.104975,2007,sja,0,0
27,43.76328332,13.26021667,2007,sja,0,0
28,43.78385833,13.384525,2007,sja,0,0
33,43.394525,13.774425,2007,sja,0,0
34,43.38153334,13.86385835,2007,sja,0,0
37,43.12008333,13.92300835,2007,sja,0,0
44,45.46354167,12.69964167,2007,sja,0,0
46,44.91596667,12.63479999,2007,sja,0,0
48,44.11046667,12.62148333,2007,sja,0,0
49,43.57912502,13.75024999,2007,sja,0,0
50,43.06335833,14.011225,2007,sja,0,0
55,45.31500834,12.499825,2007,sja,0,0
64,44.19676666,12.54355831,2007,sja,0,0
65,44.05785,12.7272,2007,sja,0,0
66,43.62468332,13.65556666,2007,sja,0,0
68,42.84834169,14.00336667,2007,sja,0,0
70,42.58757502,14.22356667,2007,sja,0,0
71,42.27317501,14.5618,2007,sja,0,0
73,42.109875,14.84746666,2007,sja,0,0
74,41.97380832,15.0901,2007,sja,0,0
76,41.99512501,15.68753335,2007,sja,0,0
6,45.25565833,12.888025,2007,sja,46.4903717,351.6078491
9,44.98965832,12.93354165,2007,sja,0,0
10,45.10624167,13.25080001,2007,sja,0,0
13,44.61168334,12.75518332,2007,sja,0,0
14,44.73781665,13.15733333,2007,sja,4.646155357,58.07694244
18,44.396275,12.83765834,2007,sja,0,0
19,44.49602501,13.181575,2007,sja,3.515988588,31.96353149
29,43.71990833,13.609725,2007,sja,0,0
51,45.33075,13.15031666,2007,sja,16.11557579,77.47873688
53,44.55718333,13.55515833,2007,sja,0.718657196,11.97762012
54,44.23871667,12.97624168,2007,sja,0,0
56,45.33106666,12.89739167,2007,sja,11.72354984,78.15699768
57,45.0678,12.74945002,2007,sja,2.541950226,11.55431938
58,45.02563333,13.24385834,2007,sja,0,0
59,44.70032498,12.78254166,2007,sja,0,0
60,44.65780001,13.50269167,2007,sja,26.99947739,290.7636108
61,44.46035,12.62639167,2007,sja,0,0
62,44.45898333,12.70846666,2007,sja,0,0
67,43.35130833,13.98058335,2007,sja,0,0
22,44.39638333,13.65376666,2007,sja,0.71341157,35.670578
23,44.33468334,14.05761667,2007,sja,9.881680489,149.1574554
26,44.04205833,13.32945,2007,sja,0,0
30,44.00149166,14.02475833,2007,sja,0,0
32,44.0158,14.49663332,2007,sja,2.925427198,38.15774536
35,43.45248334,14.20711667,2007,sja,0,0
36,43.66616669,14.83563334,2007,sja,0.068361796,68.36180115
38,43.37708333,14.143675,2007,sja,0,0
69,42.67235832,14.25586666,2007,sja,0,0
72,42.25248334,15.00780001,2007,sja,0,0
75,42.03885,15.46616667,2007,sja,0,0
79,41.75940832,16.25982499,2007,sja,0,0
80,41.60681667,16.11675834,2007,sja,0,0
81,41.50939167,16.04263333,2007,sja,27.52171707,370.4846497
83,41.28997499,16.49295832,2007,sja,0,0
87,41.64865834,16.04035833,2007,sja,0,0
77,42.00095835,16.16220833,2007,sja,0,0
82,41.33473333,16.50699167,2007,sja,0,0
85,41.02598333,17.19988333,2007,sja,0,0
78,41.84412498,16.35381665,2007,sja,0,0
98,42.03666667,19.08758333,2007,sja,2.386391401,14.91494656
97,41.87919168,19.15850833,2007,sja,0,0
99,42.0443,18.9129,2007,sja,0,0
45,45.55720002,13.68409166,2007,sja,3.457404137,57.62340164
1,45.41025834,12.50290833,2008,sja,0,0
2,45.61951669,13.13591667,2008,sja,0,0
3,45.67071667,13.52076667,2008,sja,0,0
4,45.098875,12.38338334,2008,sja,0,0
5,45.15225,12.50874166,2008,sja,10.94714928,133.5018158
8,44.819675,12.47690001,2008,sja,0,0
12,44.59279165,12.3459,2008,sja,0,0
16,44.27281667,12.46529166,2008,sja,0,0
17,44.28911667,12.49211666,2008,sja,0,0
21,44.147875,12.76268333,2008,sja,0,0
24,43.94301666,12.99036668,2008,sja,0,0
25,43.97364165,13.067025,2008,sja,0,0
27,43.76422501,13.25191667,2008,sja,0,0
28,43.79069999,13.37176666,2008,sja,0,0
31,43.57990001,13.60746667,2008,sja,0,0
33,43.33374166,13.742125,2008,sja,0,0
34,43.33639166,13.90425002,2008,sja,0,0
37,43.12926667,13.905675,2008,sja,0,0
43,45.37731667,12.38722499,2008,sja,0,0
44,45.46295832,12.70004164,2008,sja,0,0
46,44.90868333,12.61919168,2008,sja,0,0
47,44.59869165,12.41416666,2008,sja,0,0
48,44.066675,12.60445833,2008,sja,0,0
49,43.57828334,13.76795835,2008,sja,0,0
50,43.0569,14.01305833,2008,sja,0,0
55,45.38503334,12.45728334,2008,sja,0,0
56,45.33060832,12.88990002,2008,sja,72.62081909,1301.642822
57,45.07933333,12.7261,2008,sja,6.797467232,57.8507843
63,44.20818334,12.59896666,2008,sja,0,0
64,44.20163333,12.55260832,2008,sja,0,0
65,44.078075,12.75732498,2008,sja,0,0
66,43.59785,13.68446665,2008,sja,0,0
68,42.86325833,13.96815834,2008,sja,0,0
70,42.58307501,14.23095,2008,sja,0,0
71,42.25754166,14.58665835,2008,sja,0,0
73,42.09605833,14.87953332,2008,sja,0,0
74,41.99645833,15.05529167,2008,sja,0,0
76,41.99574169,15.66085831,2008,sja,0,0
6,45.25585,12.87547916,2008,sja,83.7677002,691.8552246
9,45.00694166,12.92854166,2008,sja,0,0
10,45.09945834,13.25025,2008,sja,8.297972679,135.5877838
13,44.60818332,12.73935833,2008,sja,0,0
14,44.73999166,13.08565833,2008,sja,0,0
18,44.40078333,12.84240834,2008,sja,0,0
19,44.45839167,13.16165001,2008,sja,11.22611904,110.6021652
29,43.73704999,13.607925,2008,sja,0,0
51,45.332875,13.06869166,2008,sja,5.206570625,86.77618408
53,44.55649999,13.55434167,2008,sja,18.38783264,321.6530762
54,44.23999166,12.96583331,2008,sja,0,0
58,45.00173334,13.24308333,2008,sja,1.593023419,28.44684601
59,44.70234998,12.76808335,2008,sja,0,0
60,44.67460833,13.48136667,2008,sja,70.83106232,1355.87793
61,44.44905,12.61378333,2008,sja,0,0
62,44.45574166,12.73584998,2008,sja,0,0
67,43.34198333,13.98144999,2008,sja,0,0
22,44.40116666,13.65633332,2008,sja,12.95588589,173.5163269
23,44.331975,14.038775,2008,sja,9.075756073,114.1604614
26,44.03641667,13.33275,2008,sja,0,0
30,43.96748333,13.99643335,2008,sja,0,0
32,44.02669167,14.48769166,2008,sja,16.5314045,264.0799561
35,43.44784168,14.20715,2008,sja,0,0
36,43.66895835,14.83473333,2008,sja,0,0
38,43.37058333,14.1268,2008,sja,0,0
69,42.64914166,14.25374167,2008,sja,0,0
72,42.26279999,14.994775,2008,sja,0,0
75,42.039225,15.45325832,2008,sja,0,0
45,45.68997498,13.65568336,2008,sja,0,0
31,43.57972501,13.60606667,2009,sja,0,0
33,43.40745834,13.69791667,2009,sja,0,0
34,43.38027501,13.88165833,2009,sja,0,0
37,43.12266667,13.92539167,2009,sja,0,0
43,45.37876666,12.39013333,2009,sja,0,0
44,45.46525833,12.70945835,2009,sja,1.923776865,28.29083443
46,44.91401666,12.61367499,2009,sja,0,0
47,44.60189168,12.47544999,2009,sja,0,0
48,44.06429167,12.60956669,2009,sja,0,0
49,43.58019168,13.76995001,2009,sja,0,0
50,43.05488333,14.01483333,2009,sja,0,0
55,45.38264167,12.45417501,2009,sja,0,0
56,45.33170834,12.89693333,2009,sja,12.48568249,161.1055756
57,45.0736,12.72432499,2009,sja,2.121632576,26.8561058
1,45.41306667,12.53091666,2009,sja,0,0
2,45.61889998,13.13794167,2009,sja,0,0
3,45.640625,13.48459167,2009,sja,0,0
4,45.10256666,12.383225,2009,sja,0,0
5,45.14478333,12.51676666,2009,sja,13.72669792,200.8785095
8,44.83700835,12.48550835,2009,sja,0,0
12,44.59358333,12.34332501,2009,sja,0,0
16,44.291575,12.45352499,2009,sja,0,0
17,44.306675,12.56190834,2009,sja,0,0
21,44.14678333,12.76473335,2009,sja,0,0
24,43.92175001,13.01944167,2009,sja,0,0
25,43.97674999,13.06930833,2009,sja,0,0
27,43.78932498,13.19713333,2009,sja,0,0
28,43.776325,13.39157499,2009,sja,0,0
63,44.21291667,12.60825834,2009,sja,0,0
64,44.13565,12.51677499,2009,sja,0,0
65,44.07600833,12.75265834,2009,sja,0,0
66,43.59725002,13.68058332,2009,sja,0,0
68,42.85909999,13.99835,2009,sja,0,0
70,42.58730834,14.224675,2009,sja,0,0
71,42.27802501,14.56145833,2009,sja,0,0
73,42.09963334,14.88464998,2009,sja,0,0
74,41.98585002,15.07385,2009,sja,0,0
76,41.99526666,15.67915001,2009,sja,0,0
51,45.33331666,13.07473333,2009,sja,20.8262825,123.9659729
53,44.55482499,13.55286668,2009,sja,0,0
54,44.233075,12.96911666,2009,sja,0,0
58,45.03210833,13.24366666,2009,sja,3.281299353,51.27030182
59,44.70131664,12.78104169,2009,sja,0,0
60,44.67615833,13.48196667,2009,sja,64.61247253,923.0352783
61,44.45855832,12.67357502,2009,sja,0,0
6,45.26067499,12.89485833,2009,sja,4.835455418,146.5289459
9,45.01102501,12.92319164,2009,sja,0,0
10,45.104975,13.249825,2009,sja,2.789343834,27.34650803
13,44.62010835,12.76155834,2009,sja,0,0
14,44.74818335,13.084525,2009,sja,0,0
18,44.38903333,12.83953336,2009,sja,0,0
19,44.458275,13.15953333,2009,sja,3.791801214,36.45962524
29,43.71219168,13.62120835,2009,sja,0,0
62,44.45179167,12.73599167,2009,sja,0,0
67,42.84532501,13.98231665,2009,sja,0,0
32,43.66866665,13.77039169,2009,sja,0,0
35,43.438925,14.20248333,2009,sja,0,0
36,43.74165834,13.69459998,2009,sja,0,0
38,43.37657501,14.141225,2009,sja,0,0
22,44.39830832,13.67584168,2009,sja,8.558846474,45.76922989
23,44.343525,14.02839167,2009,sja,0,0
26,44.04500833,13.32696667,2009,sja,0,0
30,43.94413335,14.02609168,2009,sja,0,0
69,42.65584167,14.25533333,2009,sja,0,0
72,42.25731667,15.00098334,2009,sja,0,0
75,42.039575,15.436625,2009,sja,0,0
45,45.57085832,13.54176668,2009,sja,62.91422653,400.2177429
31,43.58226668,13.60694167,2010,sja,0,0
33,43.37397499,13.71733332,2010,sja,0,0
34,43.35860833,13.88905834,2010,sja,0,0
37,43.12283333,13.92508332,2010,sja,0,0
43,45.38898333,12.40085001,2010,sja,0,0
44,45.466225,12.71060836,2010,sja,0,0
46,44.91094166,12.604625,2010,sja,0,0
47,44.60104167,12.47834999,2010,sja,0,0
48,44.058775,12.61850001,2010,sja,0,0
49,43.57246666,13.77964999,2010,sja,0,0
50,43.060725,14.01331667,2010,sja,0,0
55,45.38146666,12.45040833,2010,sja,0,0
56,45.333075,12.88523334,2010,sja,2.406965494,54.70376205
57,45.07348333,12.73760834,2010,sja,0.565816641,28.29083443
63,44.21063333,12.60369164,2010,sja,0,0
64,44.12601666,12.52711666,2010,sja,0,0
65,44.07854167,12.75885833,2010,sja,0,0
66,43.60901667,13.66684167,2010,sja,0,0
68,42.90285002,13.97299169,2010,sja,0,0
70,42.58228334,14.2303,2010,sja,0,0
71,42.27284167,14.56037499,2010,sja,0,0
73,42.093775,14.8908,2010,sja,0,0
74,41.98189166,15.08045834,2010,sja,0,0
76,41.99620835,15.69121666,2010,sja,0,0
1,45.41178335,13.03724165,2010,sja,0,0
2,45.61915,13.13930833,2010,sja,0,0
3,45.64168336,13.49037499,2010,sja,17.78277397,135.7463684
4,45.10571667,12.37980835,2010,sja,0,0
5,45.14978333,12.51627501,2010,sja,15.79291344,282.0163269
8,44.82918336,12.482375,2010,sja,0,0
12,44.59260836,12.34800833,2010,sja,0,0
16,44.29205834,12.38444166,2010,sja,0,0
17,44.32106667,12.57095833,2010,sja,0,0
21,44.13113333,12.7713,2010,sja,0,0
24,43.91811666,13.018525,2010,sja,0,0
25,43.98065834,13.06555833,2010,sja,0,0
27,43.79354998,13.188875,2010,sja,0,0
28,43.79758336,13.36900001,2010,sja,0,0
51,45.33275,13.068225,2010,sja,22.2957058,96.51820374
53,44.55940002,13.55695,2010,sja,3.136841536,96.51820374
54,44.23245833,12.97803335,2010,sja,0,0
58,45.03390833,13.24073333,2010,sja,6.41434288,74.58538055
59,44.702775,12.766725,2010,sja,0,0
60,44.65967499,13.48419166,2010,sja,22.53700066,627.3682861
61,44.46424999,12.66156667,2010,sja,0,0
62,44.45055,12.72675835,2010,sja,0,0
67,43.36245001,13.98484999,2010,sja,0,0
6,45.25670834,12.88481668,2010,sja,15.53943062,144.777298
9,45.01765833,12.92678334,2010,sja,3.383839846,25.63515091
10,45.10116667,13.24938333,2010,sja,13.20494461,181.9578857
13,44.61288331,12.74525,2010,sja,0,0
14,44.73377501,13.15909166,2010,sja,6.460058212,128.1757507
18,44.39193333,12.83295002,2010,sja,0,0
19,44.51332501,13.2355,2010,sja,12.35433006,144.777298
29,43.72994165,13.61175,2010,sja,0,0
30,44.02031667,14.0219,2010,sja,0,0
32,44.01539166,14.51762501,2010,sja,0.892793357,24.12955093
35,43.44798334,14.2065,2010,sja,0,0
36,43.68183333,14.83404166,2010,sja,3.440300465,28.19918442
38,43.37211668,14.14920834,2010,sja,0,0
69,42.66720835,14.25264166,2010,sja,0,0
72,42.26299167,14.99335,2010,sja,0,0
75,42.03805,15.47019167,2010,sja,0,0
22,44.39308333,13.66175,2010,sja,1.367594004,54.70376205
23,44.33554168,14.0401,2010,sja,0,0
26,44.0504,13.32066666,2010,sja,0,0
45,45.57094167,13.53587502,2010,sja,62.88093948,344.7420044
1,45.40833333,12.51666667,2011,sja,0,0
2,45.60833333,13.13333333,2011,sja,0,0
3,45.64076665,13.24125834,2011,sja,58.20704269,376.0144958
4,45.1006,12.38301667,2011,sja,0,0
5,45.14166667,12.5,2011,sja,5.635229588,106.998024
8,44.83228334,12.48010832,2011,sja,0,0
12,44.825,12.525,2011,sja,0,0
16,44.27429166,12.38578334,2011,sja,0,0
17,44.32735001,12.56547502,2011,sja,0,0
21,44.1435,12.76005001,2011,sja,0,0
24,43.91666667,13.00833333,2011,sja,0,0
25,43.95833333,13.05833333,2011,sja,0,0
27,43.8,13.175,2011,sja,0,0
28,43.79920832,13.36904167,2011,sja,0,0
31,43.57464164,13.60879167,2011,sja,0,0
33,43.37545832,13.71294168,2011,sja,0,0
34,43.3561,13.89314165,2011,sja,0,0
37,43.10746667,13.93468332,2011,sja,0,0
43,45.36129999,12.37355,2011,sja,0,0
44,45.45833333,12.7,2011,sja,0,0
46,44.90833333,12.625,2011,sja,0,0
47,44.6,12.45833333,2011,sja,0,0
48,44.06014167,12.61610003,2011,sja,0,0
49,43.56354167,13.78586667,2011,sja,0,0
50,43.05631667,14.013875,2011,sja,0,0
55,45.38353333,12.46132499,2011,sja,0,0
56,45.33484999,12.88592501,2011,sja,10.06549168,54.70376205
57,45.0777,12.73307498,2011,sja,3.336273909,27.34650803
63,44.20526667,13.102775,2011,sja,0,0
64,44.13654167,12.53092499,2011,sja,0,0
65,44.08333333,12.75,2011,sja,0,0
66,43.60713336,13.66805833,2011,sja,0,0
68,44.40074167,13.97423334,2011,sja,0,0
70,42.58579998,14.231425,2011,sja,0,0
71,42.27234167,14.56263336,2011,sja,0,0
73,42.09354167,14.88348335,2011,sja,0,0
74,41.98915832,15.06709167,2011,sja,0,0
76,41.99678335,15.68391666,2011,sja,0,0
6,45.25,12.88333333,2011,sja,32.11110687,164.1112823
9,45.00833333,12.90833333,2011,sja,0,0
10,45.11843333,13.24805,2011,sja,3.122436285,25.18093872
13,44.6,12.73333333,2011,sja,0,0
14,44.73486665,13.16040833,2011,sja,20.95884705,158.7791443
18,44.39166667,12.825,2011,sja,0,0
19,44.51435,13.24050833,2011,sja,37.35254288,579.1091919
29,43.725,13.60833333,2011,sja,0,0
51,45.33641667,13.080075,2011,sja,16.87103462,51.27973938
53,44.56080834,13.55599998,2011,sja,4.615176678,102.5594788
54,44.225,12.975,2011,sja,0,0
58,45.0326,13.24406667,2011,sja,8.51086998,76.90544891
59,44.69085,12.76843332,2011,sja,0,0
60,44.66589165,13.48503334,2011,sja,63.23754883,1695.816528
61,44.463925,12.65985003,2011,sja,0,0
62,44.448325,12.73145835,2011,sja,0,0
67,43.34860833,13.98505834,2011,sja,0,0
22,44.39138333,13.6596,2011,sja,0,0
23,44.34548333,14.0295,2011,sja,2.297557831,54.70376205
26,44.05285,13.31329999,2011,sja,0,0
30,43.97605,14.01731668,2011,sja,0,0
32,44.03698333,14.49535834,2011,sja,0,0
35,43.44195,14.208875,2011,sja,0,0
36,43.87235835,13.72424167,2011,sja,0,0
38,43.371125,14.16028334,2011,sja,0,0
69,42.66743336,14.25267499,2011,sja,0,0
72,42.26226668,14.98847499,2011,sja,0,0
75,42.038375,15.47308334,2011,sja,0,0
45,45.57084999,13.53935,2011,sja,40.62210083,241.7982178
46,44.91069167,12.6268,2012,sja,0,0
47,44.61267503,12.45990833,2012,sja,0,0
48,44.064775,12.61257499,2012,sja,0,0
50,43.05823333,14.01121667,2012,sja,0,0
55,45.38404166,12.45750833,2012,sja,0,0
56,45.33151666,12.893925,2012,sja,15.67108727,123.071373
57,45.08516666,12.71777503,2012,sja,1.093860269,27.34650803
63,44.21046666,12.60055834,2012,sja,0,0
64,44.1456,12.5186,2012,sja,0,0
65,44.08709167,12.75957502,2012,sja,0,0
66,43.59486669,13.67404165,2012,sja,0,0
70,42.58365831,14.22856666,2012,sja,0,0
71,42.27047499,14.56443335,2012,sja,0,0
1,45.413375,12.53254999,2012,sja,9.718381882,63.10637283
2,45.61791668,13.13960834,2012,sja,7.000706196,82.03952789
3,45.64021664,13.48628333,2012,sja,0,0
4,45.10529167,12.37725835,2012,sja,0,0
5,45.146975,12.51820833,2012,sja,27.68802261,389.9721375
8,44.82291667,12.48070834,2012,sja,0,0
12,44.83825,12.54223334,2012,sja,0,0
16,44.27195,12.38720833,2012,sja,0,0
17,44.33352501,12.56453333,2012,sja,0,0
21,44.14273334,12.76109168,2012,sja,0,0
64,44.13996667,12.52869166,2014,sja,0,0
65,44.09199167,12.75847502,2014,sja,0,0
66,43.592425,13.68084167,2014,sja,0,0
68,42.91183332,13.978475,2014,sja,0,0
70,42.59184167,14.23088334,2014,sja,0,0
71,42.2657,14.57095,2014,sja,0,0
73,42.09075,14.88698333,2014,sja,0,0
74,41.98154167,15.08398333,2014,sja,0,0
76,41.99339167,15.680325,2014,sja,0,0
9,45.01925835,12.92956667,2014,sja,0,0
10,45.09823333,13.24466666,2014,sja,0,0
13,44.6132,12.74437501,2014,sja,0,0
14,44.72698332,13.08820833,2014,sja,0,0
18,44.39051668,12.84810836,2014,sja,0,0
19,44.45665835,13.159175,2014,sja,17.60214996,149.1707611
29,43.74034999,13.61027498,2014,sja,0,0
49,43.58620831,13.73615001,2014,sja,0,0
51,45.33615832,13.08153333,2014,sja,8.050139427,27.85515213
53,44.56875,13.54898335,2014,sja,16.17353821,130.9598236
54,44.240625,12.97665002,2014,sja,0,0
58,45.01803334,13.242425,2014,sja,0,0
59,44.70332502,12.76512499,2014,sja,0,0
60,44.67343334,13.48961666,2014,sja,79.70337677,929.9639282
61,44.46951667,12.65555,2014,sja,0,0
62,44.45360834,12.72476667,2014,sja,0,0
67,43.36550833,13.99185833,2014,sja,0,0
22,44.41003334,13.65525834,2014,sja,1.689068556,48.25910187
23,44.33762499,14.028225,2014,sja,1.804515362,82.02342224
26,44.05086667,13.32769167,2014,sja,3.883204222,27.34650803
30,43.97386665,13.99174167,2014,sja,0,0
32,44.03208333,14.49341666,2014,sja,5.153203487,139.2757568
35,43.44875,14.20755,2014,sja,0,0
36,43.69077498,14.823325,2014,sja,0,0
38,43.38244168,14.17046667,2014,sja,0,0
69,42.67622499,14.24784167,2014,sja,0,0
72,42.26245834,14.98794168,2014,sja,0,0
75,42.03599167,15.48029167,2014,sja,0,0
45,45.57062499,13.54851669,2014,sja,0,0
1,45.42141666,12.55077502,2015,sja,0,0
2,45.61693331,13.13234166,2015,sja,0,0
3,45.64303331,13.49619168,2015,sja,74.64131927,738.2108154
4,45.11741667,12.36832501,2015,sja,0,0
5,45.14586667,12.52249165,2015,sja,95.7862854,1422.297729
6,45.26000834,12.88481668,2015,sja,33.25988388,218.8150482
8,44.83353332,12.4809,2015,sja,0,0
12,44.841725,12.54470833,2015,sja,0,0
16,44.27270833,12.38945001,2015,sja,0,0
17,44.32655834,12.57050835,2015,sja,0,0
21,44.14313333,12.76222502,2015,sja,0,0
24,43.92364998,13.01997501,2015,sja,0,0
25,43.97293332,13.07685833,2015,sja,0,0
27,43.79721667,13.193175,2015,sja,0,0
28,43.80316668,13.37816666,2015,sja,0,0
31,43.578825,13.61427501,2015,sja,0,0
33,43.38500001,13.71395,2015,sja,0,0
34,43.38109166,13.88076668,2015,sja,0,0
37,43.09181667,13.94481668,2015,sja,0,0
24,43.92160002,13.01294999,2012,sja,0,0
25,43.96866668,13.07230833,2012,sja,0,0
27,43.79368331,13.18840834,2012,sja,0,0
28,43.7927,13.38019166,2012,sja,0,0
31,43.585825,13.59514999,2012,sja,0,0
34,43.35581667,13.89284169,2012,sja,0,0
37,43.10913333,13.93215834,2012,sja,0,0
43,45.38431667,12.39785,2012,sja,0,0
44,45.46498334,12.72218332,2012,sja,1.039167285,27.34650803
73,42.09178334,14.88250001,2012,sja,0,0
74,41.99115001,15.0615,2012,sja,0,0
51,45.3331,13.06595,2012,sja,14.66484833,120.8641357
53,44.56585833,13.553525,2012,sja,20.45920753,382.9263306
54,44.23569167,12.97255834,2012,sja,0,0
58,45.03840833,13.24221667,2012,sja,5.250784874,103.9759369
59,44.68993333,12.76972497,2012,sja,0,0
60,44.67435001,13.48196667,2012,sja,68.48910522,1422.297729
61,44.45282501,12.66888332,2012,sja,0,0
62,44.44896666,12.73004166,2012,sja,0,0
67,43.34384999,13.99165001,2012,sja,0,0
6,45.25538333,12.87824167,2012,sja,1.066618562,41.02378845
9,45.01440832,12.92096666,2012,sja,0,0
10,45.11681666,13.24575833,2012,sja,16.64045906,216.813797
13,44.61113332,12.75179167,2012,sja,0,0
14,44.73586667,13.16300834,2012,sja,10.28228664,136.7325439
18,44.38810833,12.84396667,2012,sja,0,0
19,44.51461666,13.23055,2012,sja,22.97332382,205.1189575
29,43.73373334,13.61513335,2012,sja,0,0
69,42.65185833,14.25903083,2012,sja,0,0
72,42.25355,14.99992502,2012,sja,0,0
22,44.39770834,13.65141665,2012,sja,0,0
23,44.32981666,14.04555,2012,sja,1.531705379,109.4075241
26,44.04346667,13.32749166,2012,sja,0,0
30,43.96869167,14.00250834,2012,sja,0,0
32,43.65984166,13.78483334,2012,sja,0,0
35,43.44804166,14.20660834,2012,sja,0,0
36,43.70128333,13.709425,2012,sja,0,0
38,43.37404167,14.17004167,2012,sja,0,0
45,45.57048333,13.53755,2012,sja,34.77714157,167.1977997
1,45.415675,12.51416666,2013,sja,0,0
2,45.62170833,13.1473,2013,sja,0,0
3,45.64160833,13.49145001,2013,sja,0,0
4,45.10453333,12.381775,2013,sja,0,0
5,45.14731666,12.52066666,2013,sja,49.96207047,574.2766724
8,44.82607501,12.47870833,2013,sja,0,0
12,44.83310833,12.54419166,2013,sja,0,0
16,44.30484168,12.37775834,2013,sja,0,0
17,44.32791667,12.577375,2013,sja,0,0
21,44.14285833,12.76155834,2013,sja,0,0
24,43.92123334,13.01586667,2013,sja,0,0
25,43.98229167,13.10564167,2013,sja,0,0
27,43.79804166,13.182,2013,sja,0,0
28,43.792825,13.38826666,2013,sja,0,0
31,43.58575834,13.59449167,2013,sja,0,0
33,43.37976665,13.71895831,2013,sja,0,0
34,43.36010833,13.89299167,2013,sja,0,0
37,43.10493333,13.92935836,2013,sja,0,0
43,45.38242499,12.39779167,2013,sja,0.565816641,28.29083443
44,45.46515001,12.71165832,2013,sja,0,0
46,44.90745834,12.60648333,2013,sja,0,0
48,44.05311667,12.62045002,2013,sja,0,0
49,43.57510834,13.77060833,2013,sja,0,0
50,43.05604167,14.01884167,2013,sja,0,0
55,45.38431667,12.46948333,2013,sja,0,0
56,45.33583334,12.87932501,2013,sja,51.11564255,984.5709839
57,45.079075,12.72960835,2013,sja,3.36362052,54.69301605
63,44.20530833,12.60119168,2013,sja,0,0
64,44.1438,12.51960835,2013,sja,0,0
65,44.084125,12.76100833,2013,sja,0,0
66,43.598725,13.67254168,2013,sja,0,0
68,42.90413332,13.97277501,2013,sja,0,0
70,42.58321667,14.23178333,2013,sja,0,0
71,42.26609166,14.56397502,2013,sja,0,0
73,42.09575833,14.88314164,2013,sja,0,0
74,41.98310834,15.08085833,2013,sja,0,0
76,41.99335,15.67380832,2013,sja,0,0
6,45.25754166,12.88704999,2013,sja,4.921710491,43.17289734
9,45.00995,12.93224999,2013,sja,5.523994923,27.34650803
10,45.11278334,13.24444167,2013,sja,18.85298729,134.2805328
13,44.608625,12.75142501,2013,sja,0,0
14,44.74179166,13.16481667,2013,sja,8.176606178,54.69301605
18,44.38959999,12.84289999,2013,sja,0,0
19,44.51354167,13.231625,2013,sja,2.188150406,54.70376205
29,43.72331667,13.61664168,2013,sja,0,0
51,45.333975,13.07040833,2013,sja,41.88529205,246.142746
53,44.56109165,13.55044998,2013,sja,27.89891815,601.741394
54,44.219325,12.97484169,2013,sja,0,0
58,45.01525832,13.25118333,2013,sja,8.532110214,54.69301605
59,44.68479999,12.77344166,2013,sja,0,0
60,44.67595832,13.48282501,2013,sja,198.0276031,2844.595459
61,44.45595833,12.66120001,2013,sja,0,0
62,44.45064999,12.73129168,2013,sja,0,0
67,43.34336667,13.98920832,2013,sja,0,0
22,44.39138335,13.65236667,2013,sja,0,0
23,44.33566666,14.0353,2013,sja,59.08343506,214.8488464
26,44.04405,13.32970832,2013,sja,0,0
30,43.98903332,14.03979167,2013,sja,0,0
32,43.65650002,13.78854167,2013,sja,0,0
35,43.45075835,14.206525,2013,sja,0,0
36,43.69532499,13.71644999,2013,sja,0,0
38,43.37525001,14.15211666,2013,sja,0,0
69,42.67027499,14.2532,2013,sja,0,0
75,42.03939167,15.46379167,2013,sja,0,0
45,45.57051665,13.54303335,2013,sja,0,0
1,45.419675,12.549025,2014,sja,0,0
2,45.61958332,13.145675,2014,sja,0,0
3,45.64192499,13.49036667,2014,sja,48.06572723,246.0702667
4,45.110475,12.38172499,2014,sja,0,0
5,45.15508333,12.50754166,2014,sja,45.83564758,384.5272522
6,45.25691667,12.89006666,2014,sja,31.2111969,223.7361755
8,44.83618333,12.48372501,2014,sja,0,0
12,44.84140835,12.54387499,2014,sja,0,0
16,44.27574166,12.38711665,2014,sja,0,0
17,44.34233333,12.55536668,2014,sja,0,0
21,44.1505,12.75661669,2014,sja,0,0
24,43.92109168,13.02267499,2014,sja,0,0
25,43.96933333,13.07720833,2014,sja,0,0
27,43.79729999,13.186475,2014,sja,0,0
28,43.78428335,13.39130834,2014,sja,0,0
31,43.59299164,13.60969168,2014,sja,0,0
33,43.36863333,13.72683331,2014,sja,0,0
34,43.38455833,13.87963336,2014,sja,0,0
37,43.13315,13.90441669,2014,sja,0,0
43,45.383075,12.390575,2014,sja,1.859562635,54.69301605
44,45.46683334,12.70955,2014,sja,8.942307472,136.7325439
46,44.91301667,12.62984168,2014,sja,0,0
47,44.59724998,12.54530001,2014,sja,0,0
48,44.080525,12.60254167,2014,sja,0,0
50,43.05589167,14.0241,2014,sja,0,0
55,45.38874167,12.47438332,2014,sja,4.047283173,54.69301605
56,45.32899167,12.9043417,2014,sja,25.06858063,211.1038513
57,45.07343333,12.73245834,2014,sja,8.477417946,54.69301605
63,44.21795834,12.58795834,2014,sja,0,0
22,44.40566667,13.64950832,2018,sja,4.410057545,102.5594788
23,44.34535001,14.03291667,2018,sja,5.845890045,153.8392181
26,44.04219167,13.33535833,2018,sja,0,0
30,43.96160831,13.99404168,2018,sja,0,0
32,44.0523,14.486075,2018,sja,3.016803741,52.92638016
35,43.43326666,14.213825,2018,sja,0,0
36,43.69843334,13.71021668,2018,sja,0,0
38,43.37553333,14.14766666,2018,sja,0,0
69,42.65785001,14.261675,2018,sja,0,0
72,42.26035,15.00018334,2018,sja,0,0
75,42.036275,15.47781666,2018,sja,0,0
45,45.60836665,13.52884167,2018,sja,16.16593933,452.1940613
15,44.94395,13.50210416,2019,sja,524.824646,6874.126465
7,45.3526375,13.43069583,2019,sja,130.1696014,1219.577759
11,45.11189167,13.52645,2019,sja,46.6713295,574.1639404
20,44.71809165,13.80168333,2019,sja,389.5292358,5085.452148
77,44.84166667,14.1829,2019,sja,0,0
78,44.79852502,14.225975,2019,sja,0,0
3,45.64329999,13.49841666,2019,sja,32.22111511,241.6583557
43,45.38018333,12.39174166,2015,sja,0,0
44,45.47024167,12.71436666,2015,sja,0,0
46,44.90809167,12.63610833,2015,sja,0,0
47,44.57035831,12.54770832,2015,sja,0,0
48,44.05761667,12.62432499,2015,sja,0,0
49,43.57580833,13.77063335,2015,sja,0,0
50,43.0522,14.01249167,2015,sja,0,0
55,45.38424166,12.46375,2015,sja,2.297106743,27.34650803
56,45.32976667,12.89266669,2015,sja,43.42625809,601.6231689
57,45.07643333,12.7294,2015,sja,5.031757355,109.3860321
63,44.1952,12.61360833,2015,sja,0,0
64,44.15628333,12.51259999,2015,sja,0,0
65,44.0852225,12.76194998,2015,sja,0,0
66,43.60013332,13.67321666,2015,sja,0,0
68,42.90368334,13.98228334,2015,sja,0,0
70,42.58198334,14.23094167,2015,sja,0,0
71,42.26733333,14.57270002,2015,sja,0,0
73,42.094,14.87685833,2015,sja,0,0
74,41.97780834,15.0836,2015,sja,0,0
76,41.99434999,15.70324167,2015,sja,0,0
9,45.02066666,12.93795834,2015,sja,0,0
10,45.112675,13.251425,2015,sja,6.672547817,54.69301605
13,44.61919998,12.7529,2015,sja,0,0
14,44.72139165,13.08895833,2015,sja,8.504763603,109.3860321
18,44.38502499,12.8529,2015,sja,0,0
19,44.443175,13.16146667,2015,sja,14.20187378,256.3515015
29,43.72614168,13.60770836,2015,sja,0,0
51,45.33271667,13.06838333,2015,sja,33.30804825,218.7720642
53,44.55664167,13.55930001,2015,sja,25.82333946,397.282135
54,44.23775,12.97664165,2015,sja,0,0
58,45.03414167,13.24455833,2015,sja,0,0
59,44.69450833,12.77663333,2015,sja,0,0
60,44.66875833,13.488025,2015,sja,100.9284363,1312.890259
61,44.46666667,12.65877501,2015,sja,0,0
62,44.45116668,12.73949165,2015,sja,0,0
67,43.36093334,13.99591667,2015,sja,0,0
22,44.40309167,13.65325836,2015,sja,15.09230995,410.1171265
23,44.32721667,14.05363333,2015,sja,4.978042126,109.4075241
26,44.05340833,13.33300001,2015,sja,0,0
30,43.97729165,14.01484168,2015,sja,0,0
32,44.03905833,14.50911667,2015,sja,20.23641586,328.1581116
35,43.43708334,14.21233334,2015,sja,0,0
36,43.70150833,13.70536668,2015,sja,0,0
38,43.38045001,14.16101667,2015,sja,0,0
69,42.66705001,14.25443333,2015,sja,0,0
72,42.244975,15.00138333,2015,sja,0,0
75,42.03629167,15.47435834,2015,sja,0,0
45,45.57100833,13.53462501,2015,sja,14.10023212,191.8399048
7,45.341,13.43484999,2016,sja,288.0662842,3034.866699
11,45.11848333,13.52179999,2016,sja,83.45269012,1369.397339
15,44.92510001,13.50044166,2016,sja,108.2427139,1417.375244
20,44.71582499,13.79576667,2016,sja,592.7833252,7710.20166
52,44.89931666,13.69654166,2016,sja,370.1717224,4675.334961
77,44.82923333,14.169975,2016,sja,0,0
78,44.810125,14.24969167,2016,sja,0,0
1,45.42166665,12.55058333,2016,sja,3.828511238,82.03952789
2,45.62127498,13.140925,2016,sja,1.89993453,26.38798141
3,45.64353333,13.49351665,2016,sja,76.52514648,483.3167114
4,45.10243333,12.38803333,2016,sja,0,0
5,45.15134166,12.51449165,2016,sja,99.67024994,1750.520386
8,44.828175,12.47531665,2016,sja,0,0
12,44.83095001,12.53900832,2016,sja,0,0
16,44.28898333,12.38500832,2016,sja,0,0
17,44.33529167,12.55913334,2016,sja,0,0
21,44.14813333,12.75885833,2016,sja,0,0
24,43.92299999,13.01837499,2016,sja,0,0
25,43.96493333,13.07431667,2016,sja,0,0
27,43.79503333,13.192375,2016,sja,0,0
28,43.79488335,13.38210001,2016,sja,0,0
31,43.58610833,13.60879167,2016,sja,0,0
33,43.35795,13.72508332,2016,sja,0,0
34,43.38485832,13.87833335,2016,sja,0,0
37,43.11725833,13.91901665,2016,sja,0,0
43,45.38929167,12.40036666,2016,sja,4.583115101,254.6175079
44,45.46497501,12.71304998,2016,sja,7.985180378,164.0790558
46,44.91165002,12.61858333,2016,sja,2.515878677,82.03952789
47,44.57490002,12.54406665,2016,sja,0,0
48,44.0598,12.62965002,2016,sja,0,0
49,43.56692499,13.77745832,2016,sja,0,0
50,43.05349167,14.02130833,2016,sja,0,0
55,45.38441668,12.455125,2016,sja,3.719125271,82.03952789
56,45.329625,12.89721667,2016,sja,279.0617981,6015.767578
57,45.077625,12.71600002,2016,sja,45.20377731,1148.553345
63,44.19915,12.60864998,2016,sja,0,0
64,44.13541666,12.52158335,2016,sja,0,0
65,44.08451666,12.76023331,2016,sja,0,0
66,43.59017499,13.68185835,2016,sja,0,0
68,42.90249999,13.97418331,2016,sja,0,0
70,42.57859999,14.235275,2016,sja,0,0
71,42.26675833,14.56998332,2016,sja,0,0
73,42.08780833,14.89153331,2016,sja,0,0
74,41.98747502,15.08430833,2016,sja,0,0
76,41.99733334,15.70739164,2016,sja,0,0
6,45.25941667,12.88043334,2016,sja,55.42906189,937.4894409
9,45.01394166,12.93158334,2016,sja,0,0
10,44.62269167,13.24713333,2016,sja,23.95554161,410.1976318
13,44.60609999,12.730325,2016,sja,0,0
14,44.72688335,13.08739167,2016,sja,10.85656452,136.7325439
18,44.386575,12.84635,2016,sja,0,0
19,44.46231667,13.16346667,2016,sja,24.72609901,382.9263306
29,43.7276,13.61470833,2016,sja,0,0
51,45.33085833,13.06459167,2016,sja,24.77593613,410.1976318
53,44.56903334,13.55448335,2016,sja,6.072422981,222.841217
54,44.2334,12.98120832,2016,sja,0,0
58,45.0463,13.24648333,2016,sja,8.232632637,113.1633377
59,44.45361666,12.75676667,2016,sja,0,0
60,44.67705835,13.48709167,2016,sja,23.35850525,273.5187988
61,44.46015833,12.65963335,2016,sja,0,0
62,44.45349167,12.76473335,2016,sja,0,0
67,43.35106665,13.98763332,2016,sja,0,0
22,44.40351667,13.65811666,2016,sja,0.273518801,54.70376205
23,44.33688334,14.03973333,2016,sja,8.533786774,109.4075241
26,44.04086667,13.33643333,2016,sja,5.879499435,27.34650803
30,43.9669,13.99125832,2016,sja,0,0
32,44.03728333,14.51275833,2016,sja,17.88300896,278.5515137
35,43.45093333,14.35385834,2016,sja,0,0
36,43.70771666,13.71545,2016,sja,0,0
38,43.378525,14.16210833,2016,sja,0,0
69,42.66490002,14.250925,2016,sja,0,0
72,42.26153334,14.99165,2016,sja,0,0
75,42.03686667,15.47190833,2016,sja,0,0
45,45.56983334,13.53404166,2016,sja,0,0
7,44.88200833,13.43332499,2017,sja,146.0413818,1708.48584
11,45.117975,13.52917501,2017,sja,198.7096558,3132.809814
15,44.93015,13.50291667,2017,sja,314.8026123,4027.898193
52,44.89493335,13.70378332,2017,sja,433.1118469,5890.14209
77,44.82263333,14.16300833,2017,sja,0,0
78,44.80940832,14.24886666,2017,sja,0,0
1,45.41925832,12.54750832,2017,sja,4.81298542,109.3860321
2,45.62267501,13.138025,2017,sja,0,0
3,45.64293334,13.49645834,2017,sja,59.24689102,820.3416138
4,45.0989,12.38989167,2017,sja,0.623061717,617.6904297
5,45.14996667,12.50930001,2017,sja,39.44321823,950.7861328
6,45.25355833,12.88440002,2017,sja,138.0175934,1586.409058
8,44.82600835,12.47766666,2017,sja,0,0
16,44.28500832,12.38771667,2017,sja,0,0
17,44.34253333,12.56048333,2017,sja,0,0
21,44.14631666,12.76000834,2017,sja,0,0
24,43.91829999,13.0245,2017,sja,0,0
25,43.97229999,13.07714167,2017,sja,0,0
27,43.80665833,13.18713334,2017,sja,0,0
28,43.79212497,13.38535833,2017,sja,0,0
31,43.58219166,13.63935,2017,sja,0,0
33,43.38496666,13.73538332,2017,sja,0,0
34,43.36352501,13.90365,2017,sja,0,0
37,43.10534167,13.92649167,2017,sja,0,0
43,45.38380834,12.39323333,2017,sja,0,0
44,45.46896667,12.71622499,2017,sja,16.51729012,328.1581116
46,44.90799999,12.62079999,2017,sja,7.110091686,109.3860321
47,44.57889166,12.54740833,2017,sja,0,0
48,44.05889167,12.6294,2017,sja,0,0
49,43.57714167,13.78319165,2017,sja,0,0
50,43.056275,14.02444167,2017,sja,0,0
55,45.3857,12.45146666,2017,sja,3.4870224,117.2108307
56,45.33356667,12.88965832,2017,sja,362.4671021,6017.413574
57,45.0765,12.73395834,2017,sja,70.58562469,1357.960083
63,44.20922499,12.59892499,2017,sja,0,0
64,44.149925,12.52014999,2017,sja,0,0
65,44.08681666,12.76277501,2017,sja,0,0
66,43.59059165,13.68042501,2017,sja,0,0
68,42.89993334,13.97679167,2017,sja,0,0
70,42.57794164,14.233625,2017,sja,0,0
71,42.26714167,14.56565832,2017,sja,0,0
73,42.08863583,14.88943332,2017,sja,0,0
74,41.98608333,15.08750833,2017,sja,0,0
76,41.99666665,15.69949169,2017,sja,0,0
10,45.120675,13.248,2017,sja,30.58572006,420.5186157
13,44.6084,12.74737501,2017,sja,0,0
14,44.73652503,13.16603333,2017,sja,19.306633,328.1581116
18,44.39059165,12.84751666,2017,sja,0,0
29,43.73014167,13.60745834,2017,sja,0,0
51,45.33699166,13.07833333,2017,sja,55.86573029,474.901886
53,44.56074998,13.55038331,2017,sja,5.57978344,109.4075241
54,44.23752499,12.97579165,2017,sja,0,0
58,45.04768333,13.25065,2017,sja,31.63212395,367.2054138
59,44.68954169,12.76083336,2017,sja,0,0
60,44.67269166,13.49615833,2017,sja,27.43466187,358.9581604
61,44.46220833,12.66329168,2017,sja,0,0
62,44.44871667,12.73422502,2017,sja,0,0
67,43.35319166,13.99049168,2017,sja,0,0
22,44.44195833,13.66584167,2017,sja,0,0
23,44.33565834,14.04378333,2017,sja,10.33022785,182.2981262
26,44.04888333,13.32273334,2017,sja,0,0
30,43.96552499,13.98725835,2017,sja,0,0
32,44.04909167,14.48706667,2017,sja,7.657432556,99.4471817
35,43.42969166,14.28850001,2017,sja,0,0
36,43.70445,13.71020835,2017,sja,0,0
38,43.37885,14.141675,2017,sja,0,0
69,42.6724,14.250375,2017,sja,0,0
72,42.26069167,14.989125,2017,sja,0,0
75,42.03920833,15.46564167,2017,sja,0,0
45,45.57140834,13.53943332,2017,sja,0,0
1,45.42309167,12.554825,2018,sja,8.149259567,82.03952789
2,45.61875833,13.140625,2018,sja,2.460974455,25.63515091
3,45.63975833,13.4866,2018,sja,38.7167244,223.7960968
4,45.082975,12.45474167,2018,sja,31.50317574,382.8511047
5,45.149225,12.51440833,2018,sja,73.7529068,873.2852783
6,45.25920833,12.88954166,2018,sja,115.8922043,1128.154297
8,44.83140834,12.48265001,2018,sja,0,0
12,44.84039167,12.55069167,2018,sja,0,0
16,44.27254167,12.39346668,2018,sja,0,0
17,44.33184999,12.55724999,2018,sja,0,0
21,44.147075,12.76129169,2018,sja,0,0
24,43.91574167,13.024175,2018,sja,0,0
25,43.96579167,13.07841667,2018,sja,0,0
27,43.804175,13.19571667,2018,sja,0,0
28,43.80005,13.39016666,2018,sja,0,0
31,43.57398335,13.61450834,2018,sja,0,0
33,43.34964999,13.73995832,2018,sja,0,0
34,43.37969166,13.88360001,2018,sja,0,0
37,43.11209166,13.92328332,2018,sja,0,0
43,45.38209999,12.37969999,2018,sja,0,0
44,45.468375,12.71128333,2018,sja,1.257939339,27.34650803
46,44.89756667,12.62495832,2018,sja,18.45889282,218.7720642
47,44.57179998,12.54668334,2018,sja,0,0
48,44.06316666,12.61101665,2018,sja,0,0
49,43.57928333,13.76714166,2018,sja,0,0
50,43.05214167,14.01258333,2018,sja,0,0
51,45.3364,13.08474167,2018,sja,45.80778122,317.5582886
55,45.38260001,12.44953334,2018,sja,0,0
56,45.33325833,12.88333333,2018,sja,52.87345505,661.5797729
57,45.08025833,12.72601668,2018,sja,96.19252014,1260.414185
63,44.20375001,12.60408335,2018,sja,0,0
64,44.138975,12.52400834,2018,sja,0,0
65,44.08953333,12.75685002,2018,sja,0,0
66,43.58899167,13.68196669,2018,sja,0,0
68,42.89900001,13.97771667,2018,sja,0,0
70,42.57365834,14.23939167,2018,sja,0,0
71,42.26595834,14.56795832,2018,sja,0,0
73,42.0899,14.88955832,2018,sja,0,0
74,41.96971664,15.09539167,2018,sja,0,0
76,41.99756667,15.70415001,2018,sja,0,0
9,45.01556666,12.93069998,2018,sja,0,0
10,45.11314166,13.24860833,2018,sja,21.27558327,218.7720642
13,44.61169999,12.74915002,2018,sja,0,0
14,44.74025834,13.15964166,2018,sja,50.54058838,564.8496094
18,44.38954167,12.85203333,2018,sja,0,0
19,44.46010833,13.15921667,2018,sja,29.63108826,482.5910034
29,43.72933334,13.60915833,2018,sja,0,0
53,44.56205835,13.554925,2018,sja,64.58245087,952.855835
54,44.234275,12.98590002,2018,sja,0,0
58,45.04214167,13.252775,2018,sja,4.763374329,52.92638016
59,44.70078335,12.75749998,2018,sja,3.016803741,26.46319008
60,44.67129167,13.50658333,2018,sja,83.28701019,1292.813354
61,44.44859166,12.67304999,2018,sja,0,0
62,44.44561666,12.74071668,2018,sja,0,0
67,43.35808333,13.98419167,2018,sja,0,0
31,43.57867498,13.61100833,2019,sja,0,0
49,43.58062499,13.77310832,2019,sja,0,0
1,45.41389167,12.54509166,2019,sja,7.306908131,55.56583786
2,45.61243334,13.12669167,2019,sja,0.268561065,26.8561058
4,45.10559167,12.38285,2019,sja,0,0
68,42.89868336,13.97731667,2019,sja,0,0
70,42.58793332,14.23148333,2019,sja,0,0
71,42.27270833,14.57301664,2019,sja,0,0
73,42.09601667,14.8765,2019,sja,0,0
74,41.980275,15.08834167,2019,sja,0,0
76,41.99630833,15.69779167,2019,sja,0,0
66,43.57176666,13.68465001,2019,sja,0,0
65,44.08705,12.76149168,2019,sja,0,0
64,44.15335,12.51258334,2019,sja,0,0
63,44.20099167,12.60595001,2019,sja,0,0
57,45.07584167,12.73408333,2019,sja,47.34731674,671.4026489
56,45.32701667,12.86943334,2019,sja,70.77276611,820.3952637
55,45.38601667,12.47079166,2019,sja,0,0
50,43.04819167,14.01619167,2019,sja,0,0
48,44.064675,12.62364168,2019,sja,0,0
47,44.57909997,12.53805,2019,sja,0,0
46,44.90849997,12.62003333,2019,sja,0,0
44,45.46416666,12.71204999,2019,sja,4.995235443,53.71221161
43,45.38669167,12.39965,2019,sja,0,0
37,43.108875,13.93388332,2019,sja,0,0
34,43.34926666,13.88893334,2019,sja,0,0
33,43.38412499,13.71386668,2019,sja,0,0
28,43.79341669,13.37797499,2019,sja,0,0
27,43.79666669,13.19652499,2019,sja,0,0
25,43.97171666,13.07474167,2019,sja,0,0
24,43.91465,13.02910833,2019,sja,0,0
21,44.1467,12.7596,2019,sja,0,0
17,44.329725,12.56615833,2019,sja,0,0
16,44.29127499,12.38473333,2019,sja,0,0
12,44.83744167,12.545625,2019,sja,0,0
8,44.82870833,12.47900834,2019,sja,0,0
6,45.257525,12.87201665,2019,sja,96.93506622,820.5563965
5,45.14250833,12.51830001,2019,sja,69.61103058,1396.517578
10,45.08451666,13.23520834,2019,sja,23.38126564,300.8115845
14,44.74868333,13.172025,2019,sja,42.41443253,492.2371521
19,44.46593332,13.15954167,2019,sja,152.5687866,2516.373047
67,43.35135001,13.99905832,2019,sja,0,0
62,44.44135,12.72975833,2019,sja,0,0
61,44.46138333,12.65393333,2019,sja,0,0
60,44.67757498,13.48625,2019,sja,121.3896027,1557.654175
59,44.70141668,12.75847499,2019,sja,4.648906231,27.34650803
58,45.02860833,13.24470833,2019,sja,8.513385773,107.4244232
54,44.24355834,12.97520835,2019,sja,0,0
53,44.56491664,13.55423333,2019,sja,38.67556,656.4451294
51,45.33419167,13.05735,2019,sja,48.15719986,246.118576
29,43.72721666,13.60829166,2019,sja,0,0
18,44.39291666,12.85065832,2019,sja,0,0
13,44.61059999,12.75126667,2019,sja,0,0
9,45.01449166,12.928875,2019,sja,11.78634453,82.03952789
22,44.40458333,13.6511,2019,sja,19.14631844,218.8150482
23,44.34109166,14.034125,2019,sja,7.111488819,218.8150482
26,44.04780833,13.32350834,2019,sja,0,0
30,43.96823333,14.00331668,2019,sja,0,0
32,44.04948333,14.49949168,2019,sja,9.133733749,136.7325439
36,43.69865834,13.71092498,2019,sja,0,0
69,42.66105833,14.26261667,2019,sja,0,0
72,42.26175001,14.98225835,2019,sja,0,0
75,42.03810833,15.48185,2019,sja,0,0
38,43.37926668,14.15946666,2019,sja,0,0
35,43.45832499,14.19588333,2019,sja,0,0
45,45.57117082,13.52828333,2019,sja,0,0
5,45.146525,12.51984167,2020,sja,29.47953415,492.2371521
28,43.79438334,13.38290833,2020,sja,0,0
65,44.09511667,12.75857503,2020,sja,0,0
76,41.99763333,15.69776669,2020,sja,0,0
71,42.27199167,14.57149169,2020,sja,0,0
46,44.90625833,12.63131666,2020,sja,0,0
2,45.62047501,13.14648334,2020,sja,13.12632465,109.3860321
12,44.83946667,12.54676666,2020,sja,0,0
17,44.33071666,12.56680002,2020,sja,0,0
25,43.96873334,13.08231667,2020,sja,0,0
31,43.57400834,13.62057498,2020,sja,0,0
50,43.04770833,14.01740833,2020,sja,0,0
73,42.08978333,14.88977502,2020,sja,0,0
1,45.41117501,12.54552501,2020,sja,0,0
3,45.64391667,13.498525,2020,sja,46.01514053,328.093689
4,45.09813333,12.38762499,2020,sja,0,0
6,45.25949167,12.88026667,2020,sja,31.31422043,483.4099121
8,44.83289165,12.48650832,2020,sja,0,0
16,44.29731666,12.38282499,2020,sja,0,0
21,44.1692,12.74200834,2020,sja,0,0
24,43.91483332,13.02705,2020,sja,0,0
27,43.79359166,13.19315,2020,sja,0,0
33,43.38139167,13.73317499,2020,sja,0,0
34,43.351675,13.88851668,2020,sja,0,0
37,43.11065,13.93334999,2020,sja,0,0
43,45.35467501,12.38995833,2020,sja,0,0
44,45.46078332,12.705325,2020,sja,0,0
47,44.57825832,12.54706666,2020,sja,0,0
49,43.57014999,13.77529167,2020,sja,0,0
55,45.38543334,12.45853333,2020,sja,0,0
56,45.33499999,12.86799167,2020,sja,50.42696381,574.2766724
63,44.21081667,12.59764999,2020,sja,0,0
64,44.1441,12.52466667,2020,sja,0,0
66,43.592875,13.67936665,2020,sja,0,0
70,42.57848336,14.235675,2020,sja,0,0
74,41.98096666,15.08466667,2020,sja,0,0
54,44.22863333,12.98753332,2020,sja,0,0
61,44.454175,12.66088333,2020,sja,0,0
67,43.34642499,13.98769169,2020,sja,0,0
9,45.00741668,12.9279,2020,sja,3.571862221,26.8561058
18,44.39224165,12.84930833,2020,sja,0,0
51,45.33629166,13.07790833,2020,sja,34.2378273,218.7720642
13,44.61004168,12.71627499,2020,sja,0,0
14,44.71836665,13.08529167,2020,sja,10.5813055,107.4244232
19,44.45071667,13.15789166,2020,sja,85.8302002,929.9639282
29,43.71669168,13.62533334,2020,sja,0,0
57,45.0592,12.74921665,2020,sja,7.680846691,161.1366425
59,44.69525833,12.76506666,2020,sja,0,0
30,43.96221666,13.95245002,2020,sja,0,0
35,43.44609167,14.22060833,2020,sja,0,0
38,43.37661667,14.17183333,2020,sja,0,0
26,44.04948333,13.32261667,2020,sja,0,0
32,43.65139999,13.80500835,2020,sja,0,0
36,43.69486666,13.72405831,2020,sja,0,0
69,42.66505833,14.25287499,2020,sja,0,0
72,42.25395833,14.99443332,2020,sja,0,0
75,42.054375,15.48146667,2020,sja,0,0
45,45.57071667,13.52799583,2020,sja,63.32356262,360.8180542