Predictor variable,Categorical,Sample average
CHL_summer_2020,false,1.0298113541613365
CHL_winter_2020,false,1.1897116904628688
SST_summer_2020,false,25.524883730658168
SST_winter_2020,false,16.282334820977574
bathymetry,false,-31.74003758923761
bottomT_summer_2020,false,21.146719768129547
bottomT_winter_2020,false,16.807828278377137
dox_summer_2020,false,236.95413365857354
dox_winter_2020,false,236.5195996514682
grainsize,false,4.466519314667274
nitrate_summer_2020,false,3.8634171732540787
nitrate_winter_2020,false,4.040176214842961
phospate_summer_2020,false,0.01607348129217481
phospate_winter_2020,false,0.030071848401285965
sal_summer_2020,false,38.30074849622003
sal_winter_2020,false,38.140761145229995
