Predictor variable,Categorical,Sample average
CHL_summer_2019,false,0.983255838622918
CHL_winter_2019,false,0.9737845570654482
SST_summer_2019,false,25.76389622043919
SST_winter_2019,false,17.389976862314587
bathymetry,false,-36.288450808138464
bottomT_summer_2019,false,20.018224716186523
bottomT_winter_2019,false,17.59902727281725
dox_summer_2019,false,241.01356423867716
dox_winter_2019,false,233.88683710871516
grainsize,false,4.170694966573973
nitrate_summer_2019,false,2.680583338479738
nitrate_winter_2019,false,3.5755023843533285
phospate_summer_2019,false,0.014295701252145541
phospate_winter_2019,false,0.026921482580537733
sal_summer_2019,false,38.20105062948691
sal_winter_2019,false,38.02629481135188
