Predictor variable,Categorical,Sample average
CHL_summer_2019,false,2.3490323341555066
CHL_winter_2019,false,1.658222339881791
SST_summer_2019,false,25.85571026272244
SST_winter_2019,false,16.828082381354438
bathymetry,false,-25.153387122684055
bottomT_summer_2019,false,22.551800621880425
bottomT_winter_2019,false,17.605386225382485
dox_summer_2019,false,234.81169196234808
dox_winter_2019,false,233.91387329101562
grainsize,false,4.683285241656833
nitrate_summer_2019,false,5.154994652006361
nitrate_winter_2019,false,6.493175041675568
phospate_summer_2019,false,0.026919668923235603
phospate_winter_2019,false,0.052522593912565044
sal_summer_2019,false,37.64253650241428
sal_winter_2019,false,37.44465874565972
