Predictor variable,Categorical,Sample average
CHL_summer_2020,false,1.7830881326482064
CHL_winter_2020,false,1.8628471097568187
SST_summer_2020,false,25.657497592088653
SST_winter_2020,false,15.72249386950237
bathymetry,false,-23.44086858702869
bottomT_summer_2020,false,23.25466372327107
bottomT_winter_2020,false,16.614067659145448
dox_summer_2020,false,230.47754873880527
dox_winter_2020,false,237.21486570776963
grainsize,false,4.8452531302847515
nitrate_summer_2020,false,6.440661316964684
nitrate_winter_2020,false,7.0614245141424785
phospate_summer_2020,false,0.027902996042607035
phospate_winter_2020,false,0.05919347263918054
sal_summer_2020,false,37.81633767849061
sal_winter_2020,false,37.60552355138267
