Predictor variable,Categorical,Sample average
CHL_summer_2019,false,2.157576533300536
CHL_winter_2019,false,1.5209937650634318
SST_summer_2019,false,25.81328890274982
SST_winter_2019,false,16.93027404863007
bathymetry,false,-26.95886352110882
bottomT_summer_2019,false,22.079369408743723
bottomT_winter_2019,false,17.587355049289002
dox_summer_2019,false,235.66045831174267
dox_winter_2019,false,233.69644133898677
grainsize,false,4.480072437500467
nitrate_summer_2019,false,4.784526209441983
nitrate_winter_2019,false,6.103058017030055
phospate_summer_2019,false,0.02540083188677625
phospate_winter_2019,false,0.049464986013362605
sal_summer_2019,false,37.69743860984335
sal_winter_2019,false,37.51333080992407
