Predictor variable,Categorical,Sample average
CHL_summer_2020,false,1.6433277524864445
CHL_winter_2020,false,1.671599806071474
SST_summer_2020,false,25.592237802652214
SST_winter_2020,false,15.928101851389957
bathymetry,false,-26.52348441344041
bottomT_summer_2020,false,22.313668434436504
bottomT_winter_2020,false,16.668033673213078
dox_summer_2020,false,232.35516944298377
dox_winter_2020,false,236.8107405442458
grainsize,false,4.461921620827455
nitrate_summer_2020,false,5.669002071022987
nitrate_winter_2020,false,6.356803963963802
phospate_summer_2020,false,0.02532604057341814
phospate_winter_2020,false,0.05341182837638861
sal_summer_2020,false,37.89987960228553
sal_winter_2020,false,37.704383850097656
